PLAYER_ID,SEASON_ID,LEAGUE_ID,TEAM_ID,TEAM_ABBREVIATION,PLAYER_AGE,GP,GS,MIN,FGM,FGA,FG_PCT,FG3M,FG3A,FG3_PCT,FTM,FTA,FT_PCT,OREB,DREB,REB,AST,STL,BLK,TOV,PF,PTS,Name,Salary
201939,2020-21,00,1610612744,GSW,33.0,63,63,2152.0,658,1365,0.482,337,801,0.421,362,395,0.916,29,316,345,363,77,8,213,119,2015,Stephen Curry,"$43,006,362"
201566,2020-21,00,1610612764,WAS,32.0,65,65,2369.0,544,1238,0.439,86,273,0.315,271,413,0.656,109,641,750,763,89,23,312,190,1445,Russell Westbrook,"$41,358,814"
101108,2020-21,00,1610612756,PHX,36.0,70,70,2200.0,439,879,0.499,102,258,0.395,169,181,0.934,25,287,312,622,99,19,156,166,1149,Chris Paul,"$41,358,814"
202322,2020-21,00,1610612745,HOU,30.0,40,40,1288.0,293,726,0.404,79,249,0.317,158,211,0.749,17,112,129,275,42,31,141,46,823,John Wall,"$41,254,920"
201142,2020-21,00,1610612751,BKN,32.0,35,32,1157.0,324,603,0.537,85,189,0.45,210,238,0.882,13,234,247,195,25,45,120,70,943,Kevin Durant,"$40,108,950"
2544,2020-21,00,1610612747,LAL,36.0,45,45,1504.0,422,823,0.513,104,285,0.365,178,255,0.698,29,317,346,350,48,25,168,70,1126,LeBron James,"$39,219,565"
202331,2020-21,00,1610612746,LAC,31.0,54,54,1821.0,445,953,0.467,171,416,0.411,198,228,0.868,45,314,359,280,62,24,179,132,1259,Paul George,"$35,450,412"
201144,2020-21,00,1610612762,UTA,33.0,51,51,1498.0,284,640,0.444,138,335,0.412,121,142,0.852,36,141,177,305,70,9,99,98,827,Mike Conley,"$34,502,130"
202710,2020-21,00,1610612748,MIA,31.0,52,52,1745.0,366,736,0.497,25,102,0.245,359,416,0.863,94,265,359,369,108,18,109,71,1116,Jimmy Butler,"$34,379,100"
202695,2020-21,00,1610612746,LAC,30.0,52,52,1772.0,465,908,0.512,101,254,0.398,261,295,0.885,55,282,337,269,81,21,105,82,1292,Kawhi Leonard,"$34,379,100"
202689,2020-21,00,1610612738,BOS,31.0,43,43,1369.0,284,676,0.42,127,353,0.36,134,149,0.899,16,154,170,212,48,12,88,61,829,Kemba Walker,"$34,379,100"
202699,2020-21,00,1610612755,PHI,28.0,62,62,2014.0,473,924,0.512,82,208,0.394,182,204,0.892,62,357,419,220,55,51,107,119,1210,Tobias Harris,"$34,358,850"
203114,2020-21,00,1610612749,MIL,29.0,68,68,2269.0,511,1074,0.476,151,365,0.414,212,236,0.898,54,352,406,370,74,9,178,160,1385,Khris Middleton,"$33,051,724"
203076,2020-21,00,1610612747,LAL,28.0,36,36,1162.0,301,613,0.491,26,100,0.26,158,214,0.738,62,224,286,110,45,59,74,60,786,Anthony Davis,"$32,742,000"
202681,2020-21,00,1610612751,BKN,29.0,54,54,1886.0,549,1086,0.506,152,378,0.402,201,218,0.922,52,205,257,324,76,37,130,140,1451,Kyrie Irving,"$31,742,000"
203081,2020-21,00,1610612757,POR,30.0,67,67,2398.0,602,1334,0.451,275,704,0.391,449,484,0.928,32,251,283,505,62,17,203,102,1928,Damian Lillard,"$31,626,953"
201567,2020-21,00,1610612739,CLE,32.0,25,25,622.0,103,252,0.409,57,156,0.365,42,51,0.824,17,169,186,63,16,2,38,26,305,Kevin Love,"$31,258,256"
1627732,2020-21,00,1610612755,PHI,24.0,58,58,1877.0,325,583,0.557,3,10,0.3,176,287,0.613,93,324,417,401,93,35,173,171,829,Ben Simmons,"$30,559,200"
1627783,2020-21,00,1610612761,TOR,27.0,56,56,2006.0,437,961,0.455,73,246,0.297,249,301,0.827,95,310,405,250,64,37,130,174,1196,Pascal Siakam,"$30,559,200"
200768,2020-21,00,1610612761,TOR,35.0,46,46,1602.0,260,596,0.436,131,331,0.396,140,160,0.875,35,212,247,338,45,14,126,143,791,Kyle Lowry,"$30,500,000"
203500,2020-21,00,1610612740,NOP,27.0,58,58,1605.0,189,308,0.614,0,3,0.0,60,135,0.444,213,301,514,111,54,38,78,113,438,Steven Adams,"$29,592,696"
203954,2020-21,00,1610612755,PHI,27.0,51,51,1585.0,461,899,0.513,58,154,0.377,471,548,0.859,113,426,539,145,50,69,159,123,1451,Joel Embiid,"$29,542,010"
203952,2020-21,00,1610612744,GSW,26.0,71,71,2364.0,505,1058,0.477,140,368,0.38,170,238,0.714,82,265,347,167,67,70,126,159,1320,Andrew Wiggins,"$29,542,010"
203999,2020-21,00,1610612743,DEN,26.0,72,72,2488.0,732,1293,0.566,92,237,0.388,342,394,0.868,205,575,780,599,95,48,222,192,1898,Nikola Jokic,"$29,542,010"
1626164,2020-21,00,1610612756,PHX,24.0,67,67,2270.0,623,1287,0.484,126,371,0.34,340,392,0.867,34,247,281,289,53,16,207,181,1712,Devin Booker,"$29,467,800"
1626157,2020-21,00,1610612750,MIN,25.0,50,50,1689.0,425,875,0.486,122,315,0.387,267,311,0.859,133,396,529,225,39,57,160,186,1239,Karl-Anthony Towns,"$29,467,800"
204001,2020-21,00,1610612742,DAL,25.0,43,43,1327.0,325,683,0.476,97,258,0.376,118,138,0.855,82,299,381,68,20,58,51,115,865,Kristaps Porzingis,"$29,467,800"
203468,2020-21,00,1610612757,POR,29.0,47,47,1600.0,405,884,0.458,169,420,0.402,108,133,0.812,30,155,185,223,44,21,65,87,1087,CJ McCollum,"$29,354,152"
203078,2020-21,00,1610612764,WAS,28.0,60,60,2147.0,670,1382,0.485,130,373,0.349,408,459,0.889,72,211,283,265,69,22,187,140,1878,Bradley Beal,"$28,751,775"
1626156,2020-21,00,1610612750,MIN,25.0,42,26,1196.0,281,652,0.431,120,310,0.387,114,149,0.765,16,95,111,244,45,18,112,68,796,D'Angelo Russell,"$28,649,250"
202330,2020-21,00,1610612766,CHA,31.0,44,44,1496.0,311,658,0.473,85,205,0.415,156,185,0.843,37,221,258,181,52,14,91,74,863,Gordon Hayward,"$28,500,000"
201942,2020-21,00,1610612759,SAS,31.0,61,61,2056.0,455,920,0.495,19,74,0.257,387,440,0.88,40,219,259,422,56,15,119,128,1316,DeMar DeRozan,"$27,739,975"
203507,2020-21,00,1610612749,MIL,26.0,61,61,2013.0,626,1100,0.569,67,221,0.303,398,581,0.685,97,574,671,357,72,73,207,168,1717,Giannis Antetokounmpo,"$27,528,090"
203497,2020-21,00,1610612762,UTA,29.0,71,71,2187.0,391,579,0.675,0,4,0.0,233,374,0.623,240,720,960,89,40,190,118,163,1015,Rudy Gobert,"$27,525,281"
201143,2020-21,00,1610612760,OKC,35.0,28,28,782.0,162,360,0.45,56,152,0.368,18,22,0.818,29,159,188,94,25,26,29,48,398,Al Horford,"$27,500,000"
1627750,2020-21,00,1610612743,DEN,24.0,48,48,1704.0,378,792,0.477,129,316,0.408,133,153,0.869,37,157,194,231,64,13,108,95,1018,Jamal Murray,"$27,285,000"
1627742,2020-21,00,1610612740,NOP,23.0,61,61,2092.0,513,1101,0.466,143,375,0.381,281,320,0.878,34,265,299,296,42,36,154,124,1450,Brandon Ingram,"$27,285,000"
201950,2020-21,00,1610612749,MIL,31.0,59,56,1907.0,414,823,0.503,111,283,0.392,107,136,0.787,73,195,268,357,96,37,127,98,1046,Jrue Holiday,"$26,231,111"
1627741,2020-21,00,1610612758,SAC,28.0,71,71,2433.0,403,992,0.406,282,721,0.391,88,104,0.846,29,305,334,257,63,30,130,175,1176,Buddy Hield,"$24,701,834"
1627759,2020-21,00,1610612738,BOS,24.0,58,58,1999.0,538,1111,0.484,163,411,0.397,191,250,0.764,71,276,347,195,72,32,158,168,1430,Jaylen Brown,"$23,735,118"
203110,2020-21,00,1610612744,GSW,31.0,63,63,1982.0,170,380,0.447,34,126,0.27,70,88,0.795,55,393,448,558,105,52,188,194,444,Draymond Green,"$22,246,956"
203084,2020-21,00,1610612758,SAC,29.0,58,58,2102.0,319,642,0.497,100,256,0.391,195,235,0.83,64,321,385,201,43,11,93,75,933,Harrison Barnes,"$22,215,909"
1627832,2020-21,00,1610612761,TOR,27.0,52,52,1899.0,338,870,0.389,174,476,0.366,169,191,0.885,32,188,220,328,87,37,95,119,1019,Fred VanVleet,"$21,250,000"
1627763,2020-21,00,1610612754,IND,28.0,56,56,1930.0,444,980,0.453,145,374,0.388,153,177,0.864,58,236,294,329,49,15,115,110,1186,Malcolm Brogdon,"$20,700,000"
1627734,2020-21,00,1610612754,IND,25.0,62,62,2231.0,484,904,0.535,52,162,0.321,240,328,0.732,150,592,742,415,76,33,213,203,1260,Domantas Sabonis,"$19,800,000"
201568,2020-21,00,1610612737,ATL,32.0,51,4,1222.0,206,475,0.434,103,254,0.406,161,174,0.925,17,194,211,76,30,10,43,105,676,Danilo Gallinari,"$19,500,000"
203897,2020-21,00,1610612741,CHI,26.0,58,58,2034.0,569,1123,0.507,200,477,0.419,253,298,0.849,36,253,289,282,46,27,203,138,1591,Zach LaVine,"$19,500,000"
203924,2020-21,00,1610612765,DET,27.0,54,54,1829.0,400,932,0.429,115,329,0.35,290,343,0.845,35,215,250,152,35,58,109,125,1205,Jerami Grant,"$19,050,000"
203501,2020-21,00,1610612742,DAL,29.0,70,31,1985.0,407,911,0.447,207,529,0.391,142,174,0.816,20,209,229,126,31,11,64,111,1163,Tim Hardaway Jr.,"$18,975,000"
203944,2020-21,00,1610612752,NYK,26.0,71,71,2667.0,602,1321,0.456,160,389,0.411,348,429,0.811,84,640,724,427,64,18,241,225,1712,Julius Randle,"$18,900,000"
1626179,2020-21,00,1610612766,CHA,27.0,69,69,2383.0,510,1134,0.45,222,571,0.389,165,202,0.817,47,255,302,293,87,26,128,119,1407,Terry Rozier,"$18,900,000"
201609,2020-21,00,1610612748,MIA,35.0,50,11,1337.0,240,555,0.432,91,244,0.373,101,122,0.828,25,144,169,219,33,8,118,113,672,Goran Dragic,"$18,000,000"
1626167,2020-21,00,1610612754,IND,25.0,47,47,1455.0,206,432,0.477,69,206,0.335,111,142,0.782,63,243,306,48,40,159,67,165,592,Myles Turner,"$18,000,000"
203992,2020-21,00,1610612737,ATL,28.0,44,27,1305.0,267,565,0.473,146,333,0.438,40,44,0.909,20,140,160,147,49,13,54,99,720,Bogdan Bogdanovic,"$18,000,000"
202711,2020-21,00,1610612762,UTA,32.0,72,72,2216.0,406,925,0.439,180,461,0.39,233,265,0.879,40,241,281,136,45,4,128,115,1225,Bojan Bogdanovic,"$17,850,000"
201937,2020-21,00,1610612750,MIN,30.0,68,51,1772.0,193,498,0.388,66,214,0.308,130,150,0.867,28,195,223,433,98,4,111,139,582,Ricky Rubio,"$17,000,000"
202339,2020-21,00,1610612740,NOP,31.0,71,70,2112.0,307,730,0.421,121,355,0.341,134,195,0.687,29,215,244,268,55,24,114,112,869,Eric Bledsoe,"$16,875,000"
201569,2020-21,00,1610612745,HOU,32.0,27,13,789.0,159,367,0.433,69,210,0.329,94,114,0.825,8,50,58,71,14,13,51,44,481,Eric Gordon,"$16,869,276"
203925,2020-21,00,1610612751,BKN,29.0,69,65,2142.0,357,707,0.505,211,444,0.475,49,63,0.778,43,205,248,130,46,14,62,141,974,Joe Harris,"$16,071,429"
203471,2020-21,00,1610612747,LAL,27.0,61,61,1956.0,332,760,0.437,71,212,0.335,206,243,0.848,30,181,211,351,70,13,163,159,941,Dennis Schroder,"$16,000,000"
203991,2020-21,00,1610612737,ATL,27.0,63,63,1898.0,413,695,0.594,0,0,0.0,130,227,0.573,297,606,903,49,44,129,73,145,956,Clint Capela,"$16,000,000"
203469,2020-21,00,1610612766,CHA,28.0,48,21,1005.0,181,324,0.559,4,28,0.143,85,119,0.714,119,209,328,86,27,17,51,121,451,Cody Zeller,"$15,415,730"
201980,2020-21,00,1610612755,PHI,34.0,69,69,1934.0,224,544,0.412,175,432,0.405,31,40,0.775,55,205,260,118,92,56,67,125,654,Danny Green,"$15,365,853"
202722,2020-21,00,1610612764,WAS,28.0,57,7,1464.0,193,478,0.404,169,428,0.395,100,115,0.87,18,150,168,49,33,13,33,136,655,Davis Bertans,"$15,000,000"
2738,2020-21,00,1610612748,MIA,37.0,63,5,1339.0,95,248,0.383,60,182,0.33,25,38,0.658,38,183,221,142,57,35,67,90,275,Andre Iguodala,"$15,000,000"
202685,2020-21,00,1610612763,MEM,29.0,62,61,1755.0,440,743,0.592,21,57,0.368,157,203,0.773,253,523,776,112,35,57,100,179,1058,Jonas Valanciunas,"$15,000,000"
202694,2020-21,00,1610612746,LAC,31.0,57,29,1502.0,276,584,0.473,140,296,0.473,73,89,0.82,35,199,234,58,34,15,57,117,765,Marcus Morris Sr.,"$14,888,721"
200752,2020-21,00,1610612759,SAS,34.0,63,1,1358.0,264,628,0.42,106,278,0.381,82,102,0.804,42,261,303,88,45,40,65,115,716,Rudy Gay,"$14,500,000"
1626162,2020-21,00,1610612744,GSW,25.0,55,50,1688.0,318,724,0.439,90,285,0.316,123,177,0.695,82,247,329,73,57,42,70,121,849,Kelly Oubre Jr.,"$14,375,000"
1627749,2020-21,00,1610612759,SAS,24.0,67,67,2139.0,441,974,0.453,63,199,0.317,106,134,0.791,58,415,473,363,101,7,117,135,1051,Dejounte Murray,"$14,286,000"
203115,2020-21,00,1610612743,DEN,30.0,56,52,1736.0,259,608,0.426,98,257,0.381,95,121,0.785,39,187,226,181,50,23,96,95,711,Will Barton,"$13,723,214"
201152,2020-21,00,1610612741,CHI,33.0,68,23,1652.0,370,662,0.559,12,45,0.267,71,113,0.628,168,255,423,291,74,40,137,152,823,Thaddeus Young,"$13,545,000"
201988,2020-21,00,1610612759,SAS,32.0,68,1,1685.0,252,611,0.412,161,429,0.375,71,78,0.91,18,98,116,162,42,3,66,81,736,Patty Mills,"$13,535,714"
203082,2020-21,00,1610612753,ORL,30.0,46,2,1347.0,254,616,0.412,89,264,0.337,120,138,0.87,15,143,158,108,47,21,74,88,717,Terrence Ross,"$13,500,000"
203935,2020-21,00,1610612738,BOS,27.0,48,45,1581.0,203,510,0.398,93,282,0.33,128,162,0.79,36,131,167,273,72,23,96,126,627,Marcus Smart,"$13,446,428"
1627736,2020-21,00,1610612750,MIN,24.0,37,36,1214.0,264,600,0.44,128,321,0.399,68,80,0.85,28,134,162,88,30,7,60,62,724,Malik Beasley,"$13,425,895"
201976,2020-21,00,1610612746,LAC,32.0,37,34,833.0,93,220,0.423,56,141,0.397,36,45,0.8,29,90,119,76,29,28,34,108,278,Patrick Beverley,"$13,333,333"
1626174,2020-21,00,1610612745,HOU,25.0,41,41,1326.0,329,640,0.514,77,206,0.374,125,198,0.631,76,319,395,71,34,48,80,88,860,Christian Wood,"$13,015,873"
1626159,2020-21,00,1610612763,MEM,25.0,26,1,507.0,74,210,0.352,10,54,0.185,20,35,0.571,18,100,118,50,15,12,37,47,178,Justise Winslow,"$13,000,000"
203994,2020-21,00,1610612757,POR,26.0,37,37,880.0,171,333,0.514,12,30,0.4,70,113,0.619,86,246,332,125,38,39,73,103,424,Jusuf Nurkic,"$12,888,889"
2772,2020-21,00,1610612748,MIA,36.0,30,27,841.0,99,241,0.411,50,143,0.35,34,44,0.773,27,117,144,55,31,18,21,55,282,Trevor Ariza,"$12,800,000"
201572,2020-21,00,1610612749,MIL,33.0,70,70,1902.0,322,640,0.503,95,281,0.338,120,142,0.845,104,243,347,50,40,103,64,149,859,Brook Lopez,"$12,697,674"
203933,2020-21,00,1610612754,IND,27.0,4,4,117.0,27,51,0.529,0,7,0.0,8,10,0.8,2,12,14,5,2,0,4,16,62,T.J. Warren,"$12,500,000"
1628365,2020-21,00,1610612753,ORL,23.0,8,8,215.0,41,104,0.394,4,16,0.25,17,19,0.895,5,20,25,43,8,2,18,18,103,Markelle Fultz,"$12,288,697"
203503,2020-21,00,1610612737,ATL,29.0,47,23,992.0,88,171,0.515,62,109,0.569,11,11,1.0,18,94,112,59,13,11,21,75,249,Tony Snell,"$12,178,571"
203496,2020-21,00,1610612757,POR,30.0,70,70,2243.0,204,509,0.401,135,356,0.379,50,62,0.806,61,405,466,117,101,84,64,195,593,Robert Covington,"$12,138,345"
203484,2020-21,00,1610612747,LAL,28.0,67,67,1902.0,218,506,0.431,120,293,0.41,97,112,0.866,27,152,179,127,62,26,66,114,653,Kentavious Caldwell-Pope,"$12,073,020"
1626204,2020-21,00,1610612739,CLE,28.0,35,27,1091.0,128,272,0.471,41,114,0.36,30,49,0.612,54,181,235,107,61,17,55,72,327,Larry Nance Jr.,"$11,709,091"
203903,2020-21,00,1610612762,UTA,29.0,68,1,1818.0,457,1075,0.425,208,599,0.347,129,144,0.896,47,227,274,168,61,10,115,110,1251,Jordan Clarkson,"$11,500,000"
203915,2020-21,00,1610612751,BKN,28.0,3,3,64.0,6,16,0.375,2,7,0.286,6,6,1.0,0,13,13,9,2,1,5,4,20,Spencer Dinwiddie,"$11,454,048"
1628415,2020-21,00,1610612763,MEM,25.0,67,67,1997.0,432,1031,0.419,128,372,0.344,159,195,0.815,53,143,196,157,78,26,119,237,1151,Dillon Brooks,"$11,400,000"
203939,2020-21,00,1610612742,DAL,29.0,58,19,966.0,120,194,0.619,5,21,0.238,97,124,0.782,80,154,234,63,36,30,40,135,342,Dwight Powell,"$11,080,125"
1628366,2020-21,00,1610612740,NOP,23.0,55,55,1747.0,290,700,0.414,172,455,0.378,50,64,0.781,33,230,263,316,82,31,123,103,802,Lonzo Ball,"$11,003,782"
1626196,2020-21,00,1610612742,DAL,27.0,59,56,1790.0,264,618,0.427,88,267,0.33,99,108,0.917,51,144,195,153,61,24,79,130,715,Josh Richardson,"$10,865,952"
204060,2020-21,00,1610612762,UTA,33.0,67,30,1867.0,275,562,0.489,183,406,0.451,76,90,0.844,27,217,244,318,45,12,117,120,809,Joe Ingles,"$10,863,637"
203087,2020-21,00,1610612754,IND,29.0,36,8,765.0,120,276,0.435,52,128,0.406,71,75,0.947,25,106,131,53,34,23,22,72,363,Jeremy Lamb,"$10,500,000"
201599,2020-21,00,1610612751,BKN,32.0,57,43,1246.0,190,249,0.763,0,1,0.0,46,92,0.5,117,310,427,93,17,65,85,116,426,DeAndre Jordan,"$10,375,678"
1629627,2020-21,00,1610612740,NOP,20.0,61,61,2026.0,634,1037,0.611,10,34,0.294,369,529,0.698,167,274,441,226,57,39,167,135,1647,Zion Williamson,"$10,245,480"
203107,2020-21,00,1610612741,CHI,29.0,58,18,1307.0,169,329,0.514,42,118,0.356,67,79,0.848,30,112,142,271,40,14,96,89,447,Tomas Satoransky,"$10,000,000"
1628369,2020-21,00,1610612738,BOS,23.0,64,64,2290.0,605,1318,0.459,187,485,0.386,295,340,0.868,50,422,472,276,75,31,171,122,1692,Jayson Tatum,"$9,897,120"
1630162,2020-21,00,1610612750,MIN,19.0,72,55,2314.0,505,1211,0.417,171,520,0.329,211,272,0.776,59,277,336,211,82,36,160,129,1392,Anthony Edwards,"$9,757,440"
203957,2020-21,00,1610612739,CLE,25.0,6,3,116.0,10,26,0.385,2,11,0.182,1,2,0.5,2,15,17,13,4,2,7,9,23,Dante Exum,"$9,600,000"
1629001,2020-21,00,1610612763,MEM,23.0,52,1,1045.0,172,393,0.438,87,211,0.412,41,51,0.804,30,131,161,132,60,31,66,85,472,De'Anthony Melton,"$9,571,712"
1629028,2020-21,00,1610612756,PHX,22.0,69,69,2115.0,430,687,0.626,4,20,0.2,133,173,0.769,228,499,727,99,41,81,103,196,997,Deandre Ayton,"$9,562,920"
203937,2020-21,00,1610612763,MEM,27.0,69,69,1887.0,308,658,0.468,94,261,0.36,144,184,0.783,52,344,396,250,84,57,86,120,854,Kyle Anderson,"$9,505,100"
203086,2020-21,00,1610612748,MIA,29.0,3,2,29.0,3,7,0.429,3,7,0.429,1,2,0.5,0,7,7,2,0,0,2,5,10,Meyers Leonard,"$9,400,000"
1626149,2020-21,00,1610612747,LAL,27.0,69,1,1580.0,375,603,0.622,0,10,0.0,181,256,0.707,158,270,428,73,46,49,74,128,931,Montrezl Harrell,"$9,258,000"
203109,2020-21,00,1610612756,PHX,30.0,60,42,1648.0,199,492,0.404,148,380,0.389,57,75,0.76,32,250,282,127,48,27,55,125,603,Jae Crowder,"$9,258,000"
201586,2020-21,00,1610612746,LAC,31.0,41,39,955.0,186,365,0.51,39,115,0.339,43,53,0.811,73,202,275,74,9,47,44,76,454,Serge Ibaka,"$9,258,000"
1627884,2020-21,00,1610612757,POR,24.0,58,43,1318.0,147,304,0.484,43,136,0.316,59,91,0.648,77,128,205,47,37,54,32,127,396,Derrick Jones Jr.,"$9,258,000"
202684,2020-21,00,1610612738,BOS,30.0,54,43,1287.0,169,326,0.518,0,3,0.0,71,120,0.592,169,270,439,67,24,33,62,119,409,Tristan Thompson,"$9,258,000"
202324,2020-21,00,1610612762,UTA,29.0,68,0,1039.0,155,243,0.638,0,2,0.0,59,80,0.738,138,238,376,44,32,68,36,143,369,Derrick Favors,"$9,258,000"
203967,2020-21,00,1610612756,PHX,27.0,50,4,871.0,153,342,0.447,47,135,0.348,84,99,0.848,46,144,190,65,30,4,57,95,437,Dario Saric,"$9,250,000"
1629630,2020-21,00,1610612763,MEM,21.0,63,63,2053.0,430,957,0.449,73,241,0.303,271,372,0.728,59,193,252,465,57,13,203,87,1204,Ja Morant,"$9,166,800"
1628963,2020-21,00,1610612758,SAC,22.0,43,42,1112.0,247,490,0.504,37,108,0.343,77,134,0.575,106,212,318,43,21,21,59,100,608,Marvin Bagley III,"$8,963,640"
1626224,2020-21,00,1610612739,CLE,26.0,59,26,1511.0,219,586,0.374,99,324,0.306,76,95,0.8,38,163,201,174,53,9,80,119,613,Cedi Osman,"$8,840,580"
1626145,2020-21,00,1610612763,MEM,25.0,70,9,1223.0,178,413,0.431,45,140,0.321,41,45,0.911,21,119,140,259,64,6,48,31,442,Tyus Jones,"$8,817,143"
1630164,2020-21,00,1610612744,GSW,20.0,39,27,836.0,191,368,0.519,12,38,0.316,54,86,0.628,55,171,226,26,11,36,60,121,448,James Wiseman,"$8,730,240"
1626220,2020-21,00,1610612762,UTA,28.0,71,71,2240.0,175,394,0.444,107,278,0.385,39,46,0.848,88,397,485,181,57,32,83,182,496,Royce O'Neale,"$8,500,000"
1628418,2020-21,00,1610612764,WAS,23.0,10,10,271.0,59,91,0.648,9,21,0.429,16,24,0.667,18,43,61,15,4,8,11,31,143,Thomas Bryant,"$8,333,333"
1628467,2020-21,00,1610612742,DAL,29.0,50,40,1341.0,116,275,0.422,87,212,0.41,34,37,0.919,47,213,260,68,24,35,30,105,353,Maxi Kleber,"$8,325,000"
1629628,2020-21,00,1610612752,NYK,21.0,72,72,2511.0,467,1060,0.441,124,309,0.401,206,276,0.746,68,346,414,217,53,20,139,188,1264,RJ Barrett,"$8,231,760"
1627751,2020-21,00,1610612759,SAS,25.0,69,51,1845.0,265,430,0.616,0,0,0.0,63,124,0.508,219,328,547,134,47,123,83,172,593,Jakob Poeltl,"$8,101,852"
1628368,2020-21,00,1610612758,SAC,23.0,58,58,2036.0,529,1110,0.477,103,320,0.322,300,417,0.719,33,170,203,417,87,27,174,170,1461,De'Aaron Fox,"$8,099,627"
1629029,2020-21,00,1610612742,DAL,22.0,66,66,2262.0,647,1351,0.479,192,548,0.35,344,471,0.73,54,473,527,567,64,36,281,152,1830,Luka Doncic,"$8,049,360"
203486,2020-21,00,1610612765,DET,31.0,56,56,1499.0,234,381,0.614,0,7,0.0,113,169,0.669,145,374,519,202,43,50,105,186,581,Mason Plumlee,"$8,000,000"
1630163,2020-21,00,1610612766,CHA,19.0,51,31,1469.0,293,672,0.436,92,261,0.352,125,165,0.758,63,239,302,313,81,18,145,136,803,LaMelo Ball,"$7,839,960"
203552,2020-21,00,1610612755,PHI,30.0,57,57,1638.0,258,552,0.467,126,280,0.45,69,77,0.896,10,126,136,155,44,8,65,96,711,Seth Curry,"$7,834,449"
1626245,2020-21,00,1610612741,CHI,28.0,18,0,84.0,7,13,0.538,0,2,0.0,9,16,0.563,10,16,26,9,4,0,4,10,23,Cristiano Felicio,"$7,529,020"
1629631,2020-21,00,1610612737,ATL,23.0,23,19,678.0,120,248,0.484,31,95,0.326,73,85,0.859,17,93,110,44,19,12,29,59,344,De'Andre Hunter,"$7,422,000"
203926,2020-21,00,1610612754,IND,29.0,66,29,1619.0,354,665,0.532,111,286,0.388,80,98,0.816,60,161,221,85,20,6,53,117,899,Doug McDermott,"$7,333,333"
201577,2020-21,00,1610612764,WAS,33.0,71,9,1354.0,269,425,0.633,5,18,0.278,99,137,0.723,141,131,272,55,15,44,75,109,642,Robin Lopez,"$7,300,000"
1628991,2020-21,00,1610612763,MEM,21.0,11,4,258.0,53,125,0.424,17,60,0.283,35,42,0.833,17,45,62,12,12,18,15,42,158,Jaren Jackson Jr.,"$7,257,360"
203210,2020-21,00,1610612743,DEN,31.0,58,5,1120.0,173,374,0.463,79,198,0.399,46,57,0.807,85,192,277,53,26,22,53,144,471,JaMychal Green,"$7,199,760"
1630172,2020-21,00,1610612741,CHI,19.0,71,71,1983.0,255,528,0.483,54,138,0.391,91,125,0.728,66,261,327,99,64,46,98,126,655,Patrick Williams,"$7,068,360"
203382,2020-21,00,1610612761,TOR,34.0,53,31,980.0,134,304,0.441,27,103,0.262,29,41,0.707,87,186,273,47,17,22,46,119,324,Aron Baynes,"$7,000,000"
203121,2020-21,00,1610612760,OKC,31.0,18,0,197.0,22,48,0.458,17,42,0.405,12,12,1.0,2,22,24,21,13,5,8,13,73,Darius Miller,"$7,000,000"
1627826,2020-21,00,1610612746,LAC,24.0,72,33,1609.0,257,394,0.652,1,4,0.25,135,171,0.789,189,330,519,90,24,62,81,187,650,Ivica Zubac,"$7,000,000"
1628449,2020-21,00,1610612761,TOR,28.0,60,14,1453.0,288,560,0.514,90,235,0.383,152,193,0.788,117,287,404,63,35,111,46,166,818,Chris Boucher,"$6,750,000"
1628374,2020-21,00,1610612741,CHI,24.0,51,26,1317.0,250,521,0.48,119,296,0.402,76,92,0.826,35,233,268,45,26,15,52,75,695,Lauri Markkanen,"$6,731,508"
1629636,2020-21,00,1610612739,CLE,21.0,54,50,1790.0,362,802,0.451,105,266,0.395,112,132,0.848,23,106,129,329,66,6,164,110,941,Darius Garland,"$6,720,720"
1629027,2020-21,00,1610612737,ATL,22.0,63,63,2125.0,487,1112,0.438,136,397,0.343,484,546,0.886,38,207,245,594,53,12,261,111,1594,Trae Young,"$6,571,800"
1627823,2020-21,00,1610612750,MIN,25.0,52,6,900.0,130,299,0.435,55,168,0.327,60,97,0.619,45,160,205,35,19,7,27,52,375,Juancho Hernangomez,"$6,493,000"
1630171,2020-21,00,1610612739,CLE,20.0,67,67,2173.0,235,559,0.42,62,214,0.29,114,157,0.726,68,138,206,128,62,24,86,185,646,Isaac Okoro,"$6,400,920"
1628373,2020-21,00,1610612752,NYK,22.0,33,4,322.0,29,79,0.367,23,48,0.479,8,18,0.444,6,25,31,19,18,4,11,45,89,Frank Ntilikina,"$6,176,578"
1629633,2020-21,00,1610612750,MIN,22.0,34,7,499.0,69,168,0.411,13,53,0.245,29,48,0.604,34,70,104,24,17,9,28,58,180,Jarrett Culver,"$6,104,280"
202397,2020-21,00,1610612764,WAS,32.0,44,1,924.0,129,297,0.434,18,49,0.367,19,33,0.576,22,128,150,172,32,13,41,62,295,Ish Smith,"$6,000,000"
202692,2020-21,00,1610612752,NYK,29.0,49,5,1255.0,210,500,0.42,102,246,0.415,101,118,0.856,21,206,227,107,31,14,49,102,623,Alec Burks,"$6,000,000"
1628964,2020-21,00,1610612753,ORL,23.0,46,5,725.0,142,301,0.472,38,118,0.322,45,66,0.682,76,189,265,35,14,58,36,87,367,Mo Bamba,"$5,969,040"
1630168,2020-21,00,1610612737,ATL,20.0,50,4,601.0,96,149,0.644,0,3,0.0,36,57,0.632,62,101,163,18,23,33,29,100,228,Onyeka Okongwu,"$5,813,640"
203200,2020-21,00,1610612754,IND,32.0,72,52,2183.0,258,625,0.413,173,453,0.382,67,85,0.788,32,224,256,119,74,41,54,135,756,Justin Holiday,"$5,720,000"
1629632,2020-21,00,1610612741,CHI,21.0,69,54,2156.0,375,902,0.416,163,454,0.359,128,142,0.901,28,256,284,328,38,15,156,179,1041,Coby White,"$5,572,680"
1626168,2020-21,00,1610612759,SAS,25.0,23,9,358.0,43,90,0.478,14,40,0.35,15,23,0.652,9,77,86,14,6,1,6,13,115,Trey Lyles,"$5,500,000"
1628370,2020-21,00,1610612766,CHA,23.0,42,0,878.0,173,399,0.434,85,212,0.401,59,72,0.819,14,87,101,87,19,4,55,47,490,Malik Monk,"$5,345,687"
1630165,2020-21,00,1610612765,DET,19.0,26,18,670.0,71,201,0.353,20,72,0.278,14,17,0.824,6,63,69,138,27,10,83,57,176,Killian Hayes,"$5,307,120"
1628379,2020-21,00,1610612746,LAC,25.0,63,17,1232.0,197,414,0.476,100,224,0.446,26,31,0.839,15,146,161,104,23,9,48,91,520,Luke Kennard,"$5,273,826"
1628378,2020-21,00,1610612762,UTA,24.0,53,53,1771.0,478,1091,0.438,178,461,0.386,267,316,0.845,50,185,235,277,52,15,147,117,1401,Donovan Mitchell,"$5,195,501"
203585,2020-21,00,1610612765,DET,29.0,16,2,194.0,37,70,0.529,11,24,0.458,6,8,0.75,8,14,22,16,8,1,7,12,91,Rodney McGruder,"$5,192,307"
1628389,2020-21,00,1610612748,MIA,23.0,64,64,2143.0,456,800,0.57,2,8,0.25,283,354,0.799,142,431,573,346,75,66,169,145,1197,Bam Adebayo,"$5,115,492"
1629637,2020-21,00,1610612740,NOP,21.0,60,3,964.0,175,280,0.625,6,14,0.429,93,120,0.775,92,165,257,35,25,38,39,101,449,Jaxson Hayes,"$5,105,160"
1626158,2020-21,00,1610612758,SAC,27.0,61,61,1781.0,366,575,0.637,2,11,0.182,135,170,0.794,144,360,504,101,39,96,75,213,869,Richaun Holmes,"$5,005,350"
203118,2020-21,00,1610612755,PHI,32.0,51,12,852.0,76,211,0.36,53,155,0.342,8,12,0.667,11,109,120,40,24,14,19,72,213,Mike Scott,"$5,005,350"
202334,2020-21,00,1610612750,MIN,32.0,23,7,299.0,19,44,0.432,0,0,0.0,10,12,0.833,46,69,115,21,13,13,7,56,48,Ed Davis,"$5,005,350"
202683,2020-21,00,1610612757,POR,29.0,72,35,1757.0,339,561,0.604,1,4,0.25,127,164,0.774,284,511,795,84,33,48,78,168,806,Enes Freedom,"$5,005,350"
203457,2020-21,00,1610612752,NYK,27.0,64,41,1547.0,137,223,0.614,0,3,0.0,50,70,0.714,142,265,407,46,70,141,65,176,324,Nerlens Noel,"$5,000,000"
1629012,2020-21,00,1610612739,CLE,22.0,60,60,2115.0,525,1105,0.475,98,264,0.371,312,383,0.815,58,129,187,262,62,10,167,157,1460,Collin Sexton,"$4,991,880"
1626192,2020-21,00,1610612749,MIL,28.0,69,4,1575.0,168,387,0.434,101,272,0.371,31,40,0.775,63,269,332,81,49,23,33,99,468,Pat Connaughton,"$4,938,272"
1630167,2020-21,00,1610612752,NYK,23.0,62,0,683.0,104,209,0.498,26,85,0.306,19,26,0.731,26,112,138,29,17,15,23,55,253,Obi Toppin,"$4,862,040"
1628367,2020-21,00,1610612765,DET,24.0,62,25,1560.0,296,707,0.419,77,257,0.3,159,218,0.729,57,197,254,143,53,47,142,178,828,Josh Jackson,"$4,767,000"
202066,2020-21,00,1610612741,CHI,35.0,56,25,1528.0,158,381,0.415,67,200,0.335,40,50,0.8,29,131,160,124,43,30,58,126,423,Garrett Temple,"$4,767,000"
1627739,2020-21,00,1610612737,ATL,27.0,4,0,45.0,1,12,0.083,0,2,0.0,3,4,0.75,0,6,6,2,2,2,3,10,5,Kris Dunn,"$4,767,000"
1629060,2020-21,00,1610612764,WAS,23.0,57,57,1797.0,310,648,0.478,45,137,0.328,124,161,0.77,49,263,312,82,44,7,68,120,789,Rui Hachimura,"$4,692,840"
1627756,2020-21,00,1610612741,CHI,27.0,62,3,1036.0,155,416,0.373,80,242,0.331,16,17,0.941,24,173,197,105,30,7,42,70,406,Denzel Valentine,"$4,642,800"
1628995,2020-21,00,1610612752,NYK,21.0,42,0,464.0,56,143,0.392,35,89,0.393,16,20,0.8,10,51,61,19,12,6,17,37,163,Kevin Knox II,"$4,588,680"
1630166,2020-21,00,1610612764,WAS,20.0,54,32,1257.0,130,312,0.417,53,168,0.315,29,45,0.644,22,240,262,63,32,15,33,140,342,Deni Avdija,"$4,469,160"
1626172,2020-21,00,1610612744,GSW,25.0,61,34,1161.0,108,197,0.548,4,17,0.235,31,48,0.646,117,205,322,119,21,22,37,136,251,Kevon Looney,"$4,464,226"
1629629,2020-21,00,1610612737,ATL,21.0,26,21,750.0,96,263,0.365,33,126,0.262,67,82,0.817,22,82,104,35,33,9,34,68,292,Cam Reddish,"$4,458,000"
1628388,2020-21,00,1610612757,POR,24.0,7,0,35.0,5,10,0.5,0,0,0.0,2,2,1.0,0,5,5,1,2,1,2,1,12,T.J. Leaf,"$4,326,825"
1630188,2020-21,00,1610612756,PHX,21.0,27,1,156.0,22,50,0.44,4,17,0.235,5,7,0.714,7,30,37,4,1,4,7,16,53,Jalen Smith,"$4,245,720"
203493,2020-21,00,1610612752,NYK,30.0,65,64,1949.0,248,561,0.442,163,398,0.41,50,55,0.909,16,207,223,99,52,11,45,146,709,Reggie Bullock Jr.,"$4,200,000"
1628969,2020-21,00,1610612756,PHX,24.0,72,72,2348.0,363,669,0.543,134,315,0.425,110,131,0.84,76,233,309,152,76,63,57,116,970,Mikal Bridges,"$4,161,000"
1628983,2020-21,00,1610612760,OKC,22.0,35,35,1180.0,287,565,0.508,71,170,0.418,185,229,0.808,19,147,166,207,27,23,106,70,830,Shai Gilgeous-Alexander,"$4,141,320"
1628381,2020-21,00,1610612737,ATL,23.0,63,63,1848.0,429,771,0.556,83,208,0.399,170,204,0.833,118,349,467,78,34,63,84,193,1111,John Collins,"$4,137,302"
1626161,2020-21,00,1610612742,DAL,27.0,53,16,906.0,115,182,0.632,1,11,0.091,49,78,0.628,66,170,236,35,21,43,29,129,280,Willie Cauley-Stein,"$4,100,000"
1630170,2020-21,00,1610612759,SAS,20.0,62,7,1056.0,123,303,0.406,52,150,0.347,43,51,0.843,24,150,174,56,43,18,22,88,341,Devin Vassell,"$4,033,440"
1629661,2020-21,00,1610612756,PHX,25.0,60,11,1437.0,203,483,0.42,117,335,0.349,50,59,0.847,33,166,199,86,37,16,40,85,573,Cameron Johnson,"$4,033,440"
1629023,2020-21,00,1610612766,CHA,22.0,64,61,1954.0,302,686,0.44,112,290,0.386,108,145,0.745,93,325,418,161,69,79,128,171,824,P.J. Washington,"$4,023,600"
1627775,2020-21,00,1610612761,TOR,25.0,5,0,33.0,1,1,1.0,0,0,0.0,3,3,1.0,1,2,3,4,2,0,0,6,5,Patrick McCaw,"$4,000,000"
1627827,2020-21,00,1610612742,DAL,28.0,60,60,1921.0,220,466,0.472,119,302,0.394,31,41,0.756,98,228,326,102,52,25,48,138,590,Dorian Finney-Smith,"$4,000,000"
1628390,2020-21,00,1610612755,PHI,23.0,13,0,49.0,1,7,0.143,0,5,0.0,0,0,0.0,0,1,1,2,1,0,4,7,2,Terrance Ferguson,"$3,944,013"
1628970,2020-21,00,1610612766,CHA,23.0,66,19,1932.0,313,622,0.503,116,290,0.4,98,113,0.867,81,316,397,147,44,52,106,143,840,Miles Bridges,"$3,934,320"
1628975,2020-21,00,1610612756,PHX,25.0,60,1,717.0,94,223,0.422,56,151,0.371,4,7,0.571,16,76,92,71,29,9,16,56,248,Jevon Carter,"$3,925,000"
1628384,2020-21,00,1610612761,TOR,23.0,43,43,1433.0,249,519,0.48,104,261,0.398,80,102,0.784,54,183,237,94,66,32,75,114,682,OG Anunoby,"$3,872,215"
1630466,2020-21,00,1610612760,OKC,26.0,10,0,212.0,32,67,0.478,2,15,0.133,18,22,0.818,16,24,40,24,8,0,6,9,84,Gabriel Deck,"$3,870,370"
1630169,2020-21,00,1610612758,SAC,21.0,58,20,1746.0,292,619,0.472,121,296,0.409,48,56,0.857,39,134,173,309,77,28,92,83,753,Tyrese Haliburton,"$3,831,840"
1626169,2020-21,00,1610612761,TOR,25.0,61,13,1006.0,89,233,0.382,45,137,0.328,44,55,0.8,29,124,153,89,52,18,54,116,267,Stanley Johnson,"$3,804,150"
1627774,2020-21,00,1610612750,MIN,27.0,45,11,627.0,91,184,0.495,23,78,0.295,26,37,0.703,13,54,67,28,29,19,26,44,231,Jake Layman,"$3,761,085"
1629010,2020-21,00,1610612764,WAS,24.0,17,6,305.0,28,95,0.295,11,42,0.262,16,20,0.8,4,34,38,25,12,6,19,31,83,Jerome Robinson,"$3,737,520"
1627863,2020-21,00,1610612745,HOU,28.0,36,23,932.0,110,272,0.404,54,156,0.346,41,63,0.651,18,114,132,69,20,16,36,67,315,Danuel House Jr.,"$3,717,000"
1630184,2020-21,00,1610612740,NOP,20.0,54,0,904.0,130,337,0.386,40,120,0.333,43,51,0.843,12,59,71,124,38,10,34,88,343,Kira Lewis Jr.,"$3,640,200"
1629641,2020-21,00,1610612738,BOS,21.0,18,4,283.0,21,59,0.356,5,18,0.278,9,12,0.75,12,23,35,13,6,5,10,24,56,Romeo Langford,"$3,631,200"
1626171,2020-21,00,1610612749,MIL,26.0,66,7,1372.0,313,598,0.523,74,157,0.471,54,73,0.74,124,342,466,71,52,26,56,115,754,Bobby Portis,"$3,623,000"
202083,2020-21,00,1610612747,LAL,34.0,58,10,1130.0,89,252,0.353,66,197,0.335,35,41,0.854,20,73,93,54,38,17,26,80,279,Wesley Matthews,"$3,623,000"
1628398,2020-21,00,1610612747,LAL,25.0,68,32,1954.0,335,757,0.443,137,380,0.361,67,97,0.691,108,309,417,127,35,41,113,121,874,Kyle Kuzma,"$3,562,178"
1629008,2020-21,00,1610612743,DEN,23.0,61,54,1912.0,443,817,0.542,170,382,0.445,106,134,0.791,91,354,445,70,40,54,77,126,1162,Michael Porter Jr.,"$3,550,800"
1628401,2020-21,00,1610612759,SAS,26.0,36,32,1064.0,186,453,0.411,84,243,0.346,97,114,0.851,13,94,107,127,26,36,45,91,553,Derrick White,"$3,516,284"
202687,2020-21,00,1610612766,CHA,28.0,66,36,1349.0,142,242,0.587,0,1,0.0,47,105,0.448,137,210,347,81,17,74,71,141,331,Bismack Biyombo,"$3,500,000"
204456,2020-21,00,1610612754,IND,29.0,69,3,1796.0,274,490,0.559,15,48,0.313,33,48,0.688,55,201,256,456,128,23,135,113,596,T.J. McConnell,"$3,500,000"
1626246,2020-21,00,1610612742,DAL,32.0,33,3,271.0,62,122,0.508,1,8,0.125,31,38,0.816,47,81,128,10,2,6,12,29,156,Boban Marjanovic,"$3,500,000"
1628404,2020-21,00,1610612740,NOP,26.0,47,4,1350.0,151,344,0.439,63,193,0.326,69,89,0.775,53,324,377,109,38,12,49,111,434,Josh Hart,"$3,491,159"
1630174,2020-21,00,1610612738,BOS,21.0,46,1,669.0,78,178,0.438,40,108,0.37,22,28,0.786,28,99,127,23,15,9,23,87,218,Aaron Nesmith,"$3,458,400"
1629635,2020-21,00,1610612765,DET,20.0,56,11,869.0,107,282,0.379,26,115,0.226,45,64,0.703,39,104,143,47,24,9,44,94,285,Sekou Doumbouya,"$3,449,400"
203487,2020-21,00,1610612753,ORL,29.0,31,25,800.0,105,270,0.389,15,61,0.246,49,80,0.613,39,100,139,129,25,17,69,81,274,Michael Carter-Williams,"$3,300,000"
203516,2020-21,00,1610612753,ORL,30.0,41,37,986.0,115,243,0.473,45,104,0.433,70,87,0.805,43,123,166,62,32,7,36,84,345,James Ennis III,"$3,300,000"
1630175,2020-21,00,1610612753,ORL,21.0,47,34,1273.0,219,552,0.397,58,172,0.337,109,131,0.832,38,183,221,192,30,18,106,98,605,Cole Anthony,"$3,285,120"
1629643,2020-21,00,1610612753,ORL,22.0,45,19,1133.0,135,324,0.417,49,141,0.348,30,40,0.75,42,139,181,101,48,22,38,48,349,Chuma Okeke,"$3,121,080"
1630191,2020-21,00,1610612765,DET,20.0,68,14,1455.0,226,409,0.553,21,63,0.333,64,92,0.696,159,294,453,59,39,86,67,184,537,Isaiah Stewart,"$3,121,080"
1629638,2020-21,00,1610612740,NOP,22.0,46,13,1007.0,192,458,0.419,76,219,0.347,48,66,0.727,13,131,144,102,47,22,69,88,508,Nickeil Alexander-Walker,"$3,113,160"
202335,2020-21,00,1610612746,LAC,32.0,38,5,582.0,72,165,0.436,40,112,0.357,13,17,0.765,19,56,75,29,14,8,11,45,197,Patrick Patterson,"$3,077,704"
1628978,2020-21,00,1610612749,MIL,24.0,66,66,1815.0,253,603,0.42,131,346,0.379,51,71,0.718,81,299,380,203,72,15,91,112,688,Donte DiVincenzo,"$3,044,160"
203504,2020-21,00,1610612742,DAL,28.0,62,1,911.0,151,353,0.428,58,164,0.354,51,57,0.895,10,44,54,81,36,7,33,64,411,Trey Burke,"$3,000,000"
1627853,2020-21,00,1610612741,CHI,27.0,44,0,450.0,49,117,0.419,25,67,0.373,13,20,0.65,5,62,67,56,9,0,10,47,136,Ryan Arcidiacono,"$3,000,000"
1630197,2020-21,00,1610612760,OKC,19.0,45,28,1090.0,139,408,0.341,58,207,0.28,31,42,0.738,30,182,212,97,20,42,99,58,367,Aleksej Pokusevski,"$2,964,840"
1629048,2020-21,00,1610612754,IND,21.0,45,3,561.0,83,194,0.428,20,79,0.253,45,61,0.738,60,90,150,37,9,60,17,94,231,Goga Bitadze,"$2,957,520"
1629677,2020-21,00,1610612759,SAS,21.0,33,4,308.0,47,105,0.448,12,43,0.279,16,29,0.552,16,52,68,15,8,8,20,43,122,Luka Samanic,"$2,892,000"
1629022,2020-21,00,1610612759,SAS,22.0,60,38,1522.0,256,609,0.42,100,282,0.355,57,70,0.814,14,141,155,101,29,15,65,101,669,Lonnie Walker IV,"$2,892,000"
1630182,2020-21,00,1610612742,DAL,20.0,39,5,445.0,42,93,0.452,4,25,0.16,13,23,0.565,28,50,78,28,16,3,17,35,101,Josh Green,"$2,816,760"
1628989,2020-21,00,1610612737,ATL,22.0,69,49,2126.0,316,731,0.432,140,386,0.363,50,64,0.781,38,193,231,241,82,18,79,165,822,Kevin Huerter,"$2,761,920"
1627936,2020-21,00,1610612747,LAL,27.0,58,6,1216.0,133,305,0.436,55,137,0.401,49,76,0.645,31,139,170,160,64,15,76,108,370,Alex Caruso,"$2,750,000"
1629680,2020-21,00,1610612755,PHI,24.0,65,8,1298.0,102,243,0.42,43,143,0.301,8,18,0.444,30,94,124,63,105,71,32,127,255,Matisse Thybulle,"$2,711,280"
1630180,2020-21,00,1610612765,DET,22.0,70,53,1909.0,279,691,0.404,175,460,0.38,124,147,0.844,43,275,318,95,52,14,60,110,857,Saddiq Bey,"$2,689,920"
1629006,2020-21,00,1610612750,MIN,22.0,59,37,1197.0,102,254,0.402,29,108,0.269,83,108,0.769,63,93,156,63,54,28,43,123,316,Josh Okogie,"$2,651,040"
1629634,2020-21,00,1610612763,MEM,24.0,59,16,1415.0,256,495,0.517,20,77,0.26,78,113,0.69,97,231,328,95,60,51,33,84,610,Brandon Clarke,"$2,602,920"
1630173,2020-21,00,1610612748,MIA,21.0,61,4,737.0,124,228,0.544,0,1,0.0,56,110,0.509,73,135,208,29,20,28,43,91,304,Precious Achiuwa,"$2,582,160"
1629639,2020-21,00,1610612748,MIA,21.0,54,15,1635.0,307,699,0.439,107,297,0.36,94,117,0.803,25,243,268,184,35,17,101,71,815,Tyler Herro,"$2,582,160"
201188,2020-21,00,1610612747,LAL,36.0,52,42,993.0,88,194,0.454,50,122,0.41,36,50,0.72,38,177,215,109,26,58,53,115,262,Marc Gasol,"$2,564,753"
1628960,2020-21,00,1610612763,MEM,25.0,50,38,1260.0,173,414,0.418,107,274,0.391,79,91,0.868,19,141,160,108,46,8,48,71,532,Grayson Allen,"$2,545,320"
1629684,2020-21,00,1610612738,BOS,22.0,63,9,1138.0,108,247,0.437,48,129,0.372,30,51,0.588,48,130,178,64,32,24,56,161,294,Grant Williams,"$2,498,760"
1630178,2020-21,00,1610612755,PHI,20.0,61,8,936.0,198,429,0.462,31,103,0.301,61,70,0.871,11,93,104,120,26,13,41,79,488,Tyrese Maxey,"$2,478,840"
1628988,2020-21,00,1610612754,IND,24.0,66,8,1176.0,170,436,0.39,67,182,0.368,68,83,0.819,15,74,89,123,46,13,66,94,475,Aaron Holiday,"$2,345,640"
1629647,2020-21,00,1610612760,OKC,21.0,55,55,1714.0,273,690,0.396,83,286,0.29,125,178,0.702,51,345,396,99,29,25,122,60,754,Darius Bazley,"$2,339,160"
1627854,2020-21,00,1610612749,MIL,27.0,70,10,1354.0,250,529,0.473,154,341,0.452,47,61,0.77,11,101,112,45,24,1,44,77,701,Bryn Forbes,"$2,337,145"
1629660,2020-21,00,1610612760,OKC,23.0,33,1,788.0,128,287,0.446,71,168,0.423,26,34,0.765,10,81,91,120,20,6,47,61,353,Ty Jerome,"$2,303,040"
1630192,2020-21,00,1610612743,DEN,20.0,42,1,397.0,50,104,0.481,24,59,0.407,12,15,0.8,14,51,65,10,8,4,7,29,136,Zeke Nnaji,"$2,284,800"
203488,2020-21,00,1610612760,OKC,29.0,35,0,645.0,119,267,0.446,68,184,0.37,33,36,0.917,19,113,132,28,8,11,21,54,339,Mike Muscala,"$2,283,034"
1629014,2020-21,00,1610612757,POR,22.0,64,0,1104.0,168,401,0.419,120,282,0.426,46,57,0.807,14,126,140,89,18,8,43,96,502,Anfernee Simons,"$2,252,040"
1629642,2020-21,00,1610612757,POR,21.0,48,2,640.0,78,167,0.467,28,80,0.35,36,45,0.8,32,96,128,23,5,13,18,51,220,Nassir Little,"$2,210,640"
1630202,2020-21,00,1610612738,BOS,23.0,66,4,1268.0,184,418,0.44,102,248,0.411,40,45,0.889,33,125,158,120,37,9,53,104,510,Payton Pritchard,"$2,193,480"
1628410,2020-21,00,1610612754,IND,25.0,53,24,861.0,148,282,0.525,35,88,0.398,68,83,0.819,18,76,94,49,33,10,51,88,399,Edmond Sumner,"$2,160,000"
1629685,2020-21,00,1610612739,CLE,24.0,31,0,513.0,57,130,0.438,26,77,0.338,21,27,0.778,20,87,107,33,19,12,32,37,161,Dylan Windler,"$2,137,440"
1630193,2020-21,00,1610612752,NYK,22.0,64,3,1244.0,229,580,0.395,118,303,0.389,155,174,0.891,25,112,137,127,30,12,58,114,731,Immanuel Quickley,"$2,105,520"
1629723,2020-21,00,1610612763,MEM,25.0,43,0,575.0,69,138,0.5,21,56,0.375,25,30,0.833,35,93,128,47,30,9,18,40,184,John Konchar,"$2,100,000"
1629013,2020-21,00,1610612751,BKN,24.0,61,12,1403.0,186,456,0.408,129,333,0.387,66,78,0.846,11,101,112,99,31,10,48,93,567,Landry Shamet,"$2,090,040"
1629673,2020-21,00,1610612744,GSW,22.0,51,7,988.0,205,474,0.432,97,276,0.351,105,119,0.882,15,77,92,99,26,9,51,86,612,Jordan Poole,"$2,063,280"
1629626,2020-21,00,1610612743,DEN,21.0,32,2,160.0,25,58,0.431,9,24,0.375,10,15,0.667,0,24,24,7,3,10,13,14,69,Bol Bol,"$2,058,240"
1629640,2020-21,00,1610612759,SAS,21.0,69,67,1968.0,338,705,0.479,60,181,0.331,145,196,0.74,93,319,412,121,40,24,78,142,881,Keldon Johnson,"$2,048,040"
1629057,2020-21,00,1610612738,BOS,23.0,52,13,985.0,186,258,0.721,0,2,0.0,45,73,0.616,133,225,358,94,43,91,52,105,417,Robert Williams III,"$2,029,920"
1629026,2020-21,00,1610612760,OKC,26.0,66,13,1426.0,219,411,0.533,52,117,0.444,36,63,0.571,84,189,273,152,55,17,76,143,526,Kenrich Williams,"$2,000,000"
1630177,2020-21,00,1610612760,OKC,20.0,65,49,1778.0,226,614,0.368,105,313,0.335,101,135,0.748,25,186,211,227,56,11,141,126,658,Theo Maledon,"$2,000,000"
1628422,2020-21,00,1610612739,CLE,27.0,46,7,907.0,119,293,0.406,46,159,0.289,24,36,0.667,5,88,93,91,16,4,42,42,308,Damyean Dotson,"$2,000,000"
1626166,2020-21,00,1610612756,PHX,26.0,60,1,1079.0,191,395,0.484,73,166,0.44,50,56,0.893,16,128,144,217,36,16,60,97,505,Cameron Payne,"$1,977,011"
1628962,2020-21,00,1610612762,UTA,21.0,15,0,57.0,4,9,0.444,0,0,0.0,8,10,0.8,4,9,13,0,1,4,3,9,16,Udoka Azubuike,"$1,977,000"
1630183,2020-21,00,1610612750,MIN,20.0,63,27,1511.0,164,367,0.447,72,198,0.364,27,45,0.6,52,180,232,71,35,60,47,172,427,Jaden McDaniels,"$1,964,760"
1630201,2020-21,00,1610612761,TOR,23.0,47,14,928.0,127,340,0.374,54,168,0.321,45,56,0.804,10,106,116,137,38,7,43,68,353,Malachi Flynn,"$1,950,600"
1630217,2020-21,00,1610612763,MEM,23.0,68,17,1519.0,234,499,0.469,117,271,0.432,40,49,0.816,31,179,210,118,41,16,59,125,625,Desmond Bane,"$1,936,440"
1629007,2020-21,00,1610612763,MEM,21.0,11,0,54.0,8,15,0.533,3,8,0.375,3,5,0.6,4,10,14,1,3,1,7,12,22,Jontay Porter,"$1,900,000"
1626143,2020-21,00,1610612765,DET,25.0,27,2,347.0,63,102,0.618,2,9,0.222,17,24,0.708,23,43,66,13,6,5,21,39,145,Jahlil Okafor,"$1,882,867"
1627737,2020-21,00,1610612744,GSW,23.0,2,0,27.0,5,14,0.357,1,5,0.2,2,4,0.5,3,10,13,2,0,2,2,3,13,Marquese Chriss,"$1,824,003"
1628021,2020-21,00,1610612745,HOU,28.0,30,9,679.0,106,218,0.486,17,63,0.27,47,68,0.691,40,78,118,31,30,21,17,60,276,David Nwaba,"$1,824,003"
1627777,2020-21,00,1610612762,UTA,28.0,72,10,1154.0,177,405,0.437,124,292,0.425,22,23,0.957,28,148,176,59,25,8,51,116,500,Georges Niang,"$1,783,557"
1628408,2020-21,00,1610612743,DEN,24.0,50,6,1088.0,148,355,0.417,47,149,0.315,42,66,0.636,35,147,182,92,31,22,46,86,385,PJ Dozier,"$1,762,796"
1627814,2020-21,00,1610612744,GSW,28.0,57,1,1079.0,128,274,0.467,77,194,0.397,40,44,0.909,22,158,180,73,38,8,30,89,373,Damion Lee,"$1,762,796"
1627788,2020-21,00,1610612755,PHI,23.0,55,11,1062.0,170,424,0.401,101,269,0.375,60,82,0.732,17,96,113,82,49,9,46,64,501,Furkan Korkmaz,"$1,762,796"
1628035,2020-21,00,1610612747,LAL,28.0,39,0,258.0,48,93,0.516,16,39,0.41,10,18,0.556,22,32,54,6,7,0,5,26,122,Alfonzo McKinnie,"$1,762,796"
1627846,2020-21,00,1610612756,PHX,27.0,24,0,355.0,57,116,0.491,18,43,0.419,28,37,0.757,7,55,62,19,10,9,19,34,160,Abdel Nader,"$1,752,950"
1628400,2020-21,00,1610612738,BOS,26.0,56,15,950.0,89,221,0.403,58,158,0.367,24,32,0.75,31,116,147,37,17,0,21,56,260,Semi Ojeleye,"$1,752,950"
1627761,2020-21,00,1610612761,TOR,26.0,51,12,972.0,117,228,0.513,14,53,0.264,45,66,0.682,33,113,146,107,53,18,71,87,293,DeAndre' Bembry,"$1,737,145"
1629645,2020-21,00,1610612745,HOU,21.0,26,23,836.0,156,367,0.425,50,161,0.311,69,94,0.734,20,79,99,164,19,8,91,61,431,Kevin Porter Jr.,"$1,717,981"
1629003,2020-21,00,1610612755,PHI,24.0,63,4,1461.0,300,667,0.45,71,203,0.35,146,176,0.83,33,115,148,193,39,18,103,130,817,Shake Milton,"$1,701,593"
203648,2020-21,00,1610612749,MIL,28.0,57,3,551.0,67,137,0.489,7,29,0.241,25,49,0.51,54,70,124,46,22,10,43,74,166,Thanasis Antetokounmpo,"$1,701,593"
1629164,2020-21,00,1610612737,ATL,25.0,47,5,620.0,84,223,0.377,32,103,0.311,28,43,0.651,8,61,69,95,17,0,36,41,228,Brandon Goodwin,"$1,701,593"
1629067,2020-21,00,1610612764,WAS,21.0,40,8,432.0,30,81,0.37,13,47,0.277,5,8,0.625,18,48,66,23,11,9,22,63,78,Isaac Bonga,"$1,663,861"
1628971,2020-21,00,1610612751,BKN,24.0,65,37,1451.0,235,423,0.556,17,59,0.288,86,117,0.735,111,238,349,104,58,28,54,145,573,Bruce Brown,"$1,663,861"
1629134,2020-21,00,1610612748,MIA,25.0,56,44,1650.0,319,658,0.485,122,320,0.381,56,60,0.933,21,158,179,148,52,14,80,108,816,Kendrick Nunn,"$1,663,861"
1629011,2020-21,00,1610612752,NYK,23.0,31,29,853.0,115,176,0.653,0,0,0.0,26,53,0.491,113,139,252,17,35,45,26,86,256,Mitchell Robinson,"$1,663,861"
1628973,2020-21,00,1610612742,DAL,24.0,68,12,1697.0,328,627,0.523,81,200,0.405,120,151,0.795,27,204,231,239,35,1,80,109,857,Jalen Brunson,"$1,663,861"
1628966,2020-21,00,1610612759,SAS,25.0,30,0,245.0,30,67,0.448,5,17,0.294,14,21,0.667,9,40,49,12,11,5,7,11,79,Keita Bates-Diop,"$1,663,861"
1629130,2020-21,00,1610612748,MIA,27.0,72,72,2262.0,315,717,0.439,250,613,0.408,62,75,0.827,7,243,250,127,43,20,81,181,942,Duncan Robinson,"$1,663,861"
1629020,2020-21,00,1610612750,MIN,22.0,64,30,1139.0,143,236,0.606,1,5,0.2,57,102,0.559,118,250,368,76,64,46,53,123,344,Jarred Vanderbilt,"$1,663,361"
1629117,2020-21,00,1610612740,NOP,24.0,21,0,241.0,24,60,0.4,13,32,0.406,11,17,0.647,20,34,54,11,9,8,15,32,72,Wenyen Gabriel,"$1,620,564"
202355,2020-21,00,1610612758,SAC,32.0,36,4,546.0,126,224,0.563,0,1,0.0,41,79,0.519,61,154,215,20,9,46,40,73,293,Hassan Whiteside,"$1,620,564"
204020,2020-21,00,1610612751,BKN,29.0,39,3,684.0,72,183,0.393,48,132,0.364,18,21,0.857,6,71,77,47,14,0,17,43,210,Tyler Johnson,"$1,620,564"
203521,2020-21,00,1610612739,CLE,30.0,13,1,224.0,14,56,0.25,4,25,0.16,4,4,1.0,6,18,24,58,4,1,6,21,36,Matthew Dellavedova,"$1,620,564"
203145,2020-21,00,1610612744,GSW,31.0,67,18,1334.0,176,392,0.449,75,184,0.408,54,78,0.692,26,203,229,108,69,33,82,158,481,Kent Bazemore,"$1,620,564"
1629234,2020-21,00,1610612759,SAS,24.0,54,3,755.0,116,205,0.566,2,2,1.0,77,106,0.726,74,167,241,42,18,49,45,88,311,Drew Eubanks,"$1,620,564"
202738,2020-21,00,1610612740,NOP,32.0,3,0,48.0,9,27,0.333,3,12,0.25,2,2,1.0,1,3,4,5,1,0,6,3,23,Isaiah Thomas,"$1,620,564"
201587,2020-21,00,1610612746,LAC,32.0,67,38,1835.0,191,412,0.464,110,272,0.404,48,58,0.828,50,266,316,148,69,37,53,102,540,Nicolas Batum,"$1,620,564"
202734,2020-21,00,1610612756,PHX,32.0,27,1,389.0,55,121,0.455,11,35,0.314,12,14,0.857,14,31,45,40,15,5,23,32,133,E'Twaun Moore,"$1,620,564"
203524,2020-21,00,1610612737,ATL,30.0,71,16,1514.0,107,298,0.359,68,212,0.321,35,46,0.761,42,172,214,75,50,11,42,116,317,Solomon Hill,"$1,620,564"
203922,2020-21,00,1610612758,SAC,27.0,23,2,369.0,42,99,0.424,16,44,0.364,21,23,0.913,11,34,45,20,4,3,11,23,121,Glenn Robinson III,"$1,620,564"
2617,2020-21,00,1610612748,MIA,41.0,1,0,3.0,2,2,1.0,0,0,0.0,0,0,0.0,0,1,1,0,0,0,0,0,4,Udonis Haslem,"$1,620,564"
1628385,2020-21,00,1610612757,POR,23.0,38,0,348.0,42,97,0.433,8,23,0.348,16,27,0.593,31,102,133,29,8,13,20,54,108,Harry Giles III,"$1,620,564"
1628425,2020-21,00,1610612745,HOU,26.0,51,14,1229.0,150,335,0.448,91,215,0.423,25,31,0.806,38,186,224,72,38,12,41,97,416,Sterling Brown,"$1,620,564"
201961,2020-21,00,1610612765,DET,33.0,46,31,1012.0,149,338,0.441,116,275,0.422,28,35,0.8,12,73,85,67,18,9,33,59,442,Wayne Ellington,"$1,620,564"
201162,2020-21,00,1610612747,LAL,35.0,12,0,81.0,2,9,0.222,2,6,0.333,0,0,0.0,4,17,21,5,1,1,2,7,6,Jared Dudley,"$1,620,564"
2730,2020-21,00,1610612755,PHI,35.0,69,6,1196.0,178,303,0.587,5,20,0.25,121,210,0.576,190,390,580,61,30,62,112,200,482,Dwight Howard,"$1,620,564"
2546,2020-21,00,1610612757,POR,37.0,69,3,1690.0,327,777,0.421,133,325,0.409,137,154,0.89,32,182,214,104,46,38,61,144,924,Carmelo Anthony,"$1,620,564"
203960,2020-21,00,1610612754,IND,28.0,29,4,316.0,56,113,0.496,3,15,0.2,19,29,0.655,27,50,77,4,2,14,15,52,134,JaKarr Sampson,"$1,620,564"
204038,2020-21,00,1610612756,PHX,29.0,40,0,438.0,66,147,0.449,36,85,0.424,22,23,0.957,7,35,42,26,8,0,13,25,190,Langston Galloway,"$1,620,564"
1626163,2020-21,00,1610612756,PHX,28.0,47,13,715.0,121,257,0.471,31,85,0.365,37,60,0.617,36,152,188,79,14,17,22,70,310,Frank Kaminsky,"$1,620,564"
201145,2020-21,00,1610612751,BKN,34.0,68,38,1835.0,261,530,0.492,103,250,0.412,125,161,0.776,34,229,263,108,36,27,54,122,750,Jeff Green,"$1,620,564"
202704,2020-21,00,1610612746,LAC,31.0,67,43,1544.0,263,585,0.45,122,282,0.433,67,82,0.817,24,168,192,205,41,7,74,127,715,Reggie Jackson,"$1,620,564"
202693,2020-21,00,1610612747,LAL,31.0,61,27,1200.0,153,378,0.405,65,209,0.311,36,50,0.72,48,218,266,73,22,19,54,105,407,Markieff Morris,"$1,620,564"
1627748,2020-21,00,1610612739,CLE,24.0,8,0,76.0,10,18,0.556,0,2,0.0,10,11,0.909,8,10,18,4,2,4,3,7,30,Thon Maker,"$1,620,564"
203526,2020-21,00,1610612764,WAS,29.0,64,22,1403.0,209,447,0.468,64,164,0.39,75,85,0.882,28,128,156,146,73,6,53,109,557,Raul Neto,"$1,620,564"
1626195,2020-21,00,1610612740,NOP,27.0,47,12,846.0,151,268,0.563,1,10,0.1,62,93,0.667,117,217,334,50,22,23,34,68,365,Willy Hernangomez,"$1,620,564"
1628420,2020-21,00,1610612743,DEN,26.0,47,13,1196.0,186,387,0.481,51,134,0.381,58,73,0.795,11,85,96,150,34,13,34,48,481,Monte Morris,"$1,588,231"
1628998,2020-21,00,1610612766,CHA,25.0,52,10,849.0,83,188,0.441,16,58,0.276,25,43,0.581,52,109,161,86,37,12,40,52,207,Cody Martin,"$1,517,981"
1628539,2020-21,00,1610612744,GSW,27.0,60,6,766.0,119,265,0.449,85,214,0.397,14,22,0.636,8,52,60,26,12,12,16,56,337,Mychal Mulder,"$1,517,981"
1629667,2020-21,00,1610612766,CHA,23.0,47,18,904.0,133,284,0.468,35,105,0.333,45,64,0.703,45,124,169,53,28,19,45,95,346,Jalen McDaniels,"$1,517,981"
1628394,2020-21,00,1610612764,WAS,25.0,1,0,6.0,0,1,0.0,0,1,0.0,0,0,0.0,1,0,1,1,0,0,5,2,0,Anzejs Pasecniks,"$1,517,981"
1629659,2020-21,00,1610612747,LAL,20.0,65,4,1304.0,224,489,0.458,37,131,0.282,100,129,0.775,25,144,169,181,63,21,105,127,585,Talen Horton-Tucker,"$1,517,981"
1629652,2020-21,00,1610612760,OKC,22.0,52,52,1543.0,247,639,0.387,113,329,0.343,122,164,0.744,38,151,189,88,45,19,79,134,729,Luguentz Dort,"$1,517,981"
1629644,2020-21,00,1610612748,MIA,22.0,37,9,447.0,36,96,0.375,12,50,0.24,8,15,0.533,21,47,68,19,10,11,15,59,92,KZ Okpala,"$1,517,981"
1629671,2020-21,00,1610612762,UTA,23.0,54,0,519.0,35,99,0.354,30,88,0.341,5,6,0.833,23,61,84,28,11,8,16,61,105,Miye Oni,"$1,517,981"
1629676,2020-21,00,1610612760,OKC,23.0,61,34,1425.0,207,429,0.483,32,109,0.294,87,117,0.744,89,252,341,107,52,37,113,162,533,Isaiah Roby,"$1,517,981"
1629651,2020-21,00,1610612751,BKN,22.0,32,1,594.0,90,145,0.621,1,5,0.2,31,64,0.484,43,123,166,28,23,40,18,68,212,Nic Claxton,"$1,517,981"
1629675,2020-21,00,1610612750,MIN,21.0,70,15,1347.0,304,581,0.523,61,174,0.351,115,166,0.693,82,240,322,72,34,76,69,179,784,Naz Reid,"$1,517,981"
1629672,2020-21,00,1610612744,GSW,24.0,40,2,695.0,148,298,0.497,18,54,0.333,67,94,0.713,28,100,128,51,12,7,43,68,381,Eric Paschall,"$1,517,981"
1629665,2020-21,00,1610612754,IND,21.0,4,0,12.0,1,9,0.111,0,1,0.0,3,3,1.0,2,3,5,2,0,0,0,0,5,Jalen Lecque,"$1,517,981"
1629730,2020-21,00,1610612755,PHI,23.0,14,0,68.0,9,18,0.5,2,7,0.286,14,19,0.737,1,10,11,6,2,0,4,8,34,Rayjon Tucker,"$1,517,981"
1628997,2020-21,00,1610612766,CHA,25.0,53,3,818.0,96,256,0.375,31,125,0.248,41,64,0.641,31,110,141,67,37,12,33,62,264,Caleb Martin,"$1,517,981"
1629752,2020-21,00,1610612762,UTA,24.0,29,0,147.0,14,30,0.467,4,13,0.308,3,7,0.429,9,19,28,9,4,1,4,21,35,Juwan Morgan,"$1,517,981"
1629611,2020-21,00,1610612746,LAC,24.0,67,10,1263.0,178,350,0.509,38,91,0.418,78,94,0.83,56,186,242,104,29,13,40,126,472,Terance Mann,"$1,517,981"
1629346,2020-21,00,1610612744,GSW,20.0,15,1,84.0,11,27,0.407,4,10,0.4,2,6,0.333,6,10,16,4,3,5,5,11,28,Alen Smailagic,"$1,517,981"
1629669,2020-21,00,1610612750,MIN,21.0,42,0,759.0,142,335,0.424,50,150,0.333,45,55,0.818,19,76,95,62,22,12,28,72,379,Jaylen Nowell,"$1,517,981"
1629035,2020-21,00,1610612738,BOS,23.0,31,1,276.0,47,111,0.423,18,63,0.286,11,13,0.846,3,23,26,14,7,1,7,25,123,Carsen Edwards,"$1,517,981"
1628427,2020-21,00,1610612743,DEN,24.0,41,1,281.0,33,72,0.458,9,33,0.273,10,13,0.769,11,39,50,14,11,2,14,18,85,Vlatko Cancar,"$1,517,981"
1629731,2020-21,00,1610612739,CLE,24.0,63,19,1212.0,134,311,0.431,78,213,0.366,30,39,0.769,38,177,215,74,35,21,30,78,376,Dean Wade,"$1,517,981"
1629713,2020-21,00,1610612758,SAC,24.0,36,0,310.0,52,111,0.468,14,38,0.368,21,36,0.583,9,21,30,22,8,3,15,23,139,Justin James,"$1,517,981"
1628981,2020-21,00,1610612737,ATL,22.0,33,0,226.0,18,44,0.409,0,2,0.0,15,22,0.682,16,62,78,10,4,3,21,23,51,Bruno Fernando,"$1,517,981"
1630218,2020-21,00,1610612758,SAC,21.0,13,0,45.0,8,20,0.4,1,6,0.167,3,8,0.375,4,12,16,2,0,3,1,4,20,Robert Woodard II,"$1,500,000"
1628778,2020-21,00,1610612761,TOR,26.0,27,2,297.0,38,82,0.463,30,64,0.469,5,8,0.625,4,41,45,17,6,3,9,36,111,Paul Watson,"$1,445,697"
1630256,2020-21,00,1610612745,HOU,25.0,70,58,2043.0,316,625,0.506,60,195,0.308,102,147,0.694,132,242,374,178,85,36,98,222,794,Jae'Sean Tate,"$1,445,697"
1629033,2020-21,00,1610612752,NYK,25.0,17,0,34.0,1,9,0.111,0,8,0.0,0,0,0.0,0,5,5,1,0,0,1,4,2,Theo Pinson,"$1,445,697"
1629103,2020-21,00,1610612754,IND,25.0,35,0,323.0,62,138,0.449,24,60,0.4,9,10,0.9,18,60,78,17,10,10,16,35,157,Kelan Martin,"$1,445,697"
201959,2020-21,00,1610612752,NYK,36.0,45,3,936.0,99,158,0.627,3,15,0.2,40,55,0.727,99,151,250,36,31,49,22,99,241,Taj Gibson,"$1,442,968"
1629121,2020-21,00,1610612749,MIL,25.0,7,0,18.0,1,8,0.125,0,2,0.0,0,0,0.0,0,3,3,2,0,0,0,1,2,Jaylen Adams,"$1,416,852"
1630176,2020-21,00,1610612766,CHA,20.0,19,4,115.0,18,36,0.5,1,7,0.143,9,11,0.818,6,21,27,2,1,5,5,13,46,Vernon Carey Jr.,"$1,350,000"
203263,2020-21,00,1610612740,NOP,30.0,9,0,48.0,5,13,0.385,4,12,0.333,1,2,0.5,2,7,9,3,0,0,2,1,15,James Nunnally,"$1,349,383"
1630214,2020-21,00,1610612763,MEM,22.0,59,12,1085.0,167,299,0.559,22,65,0.338,34,53,0.642,74,182,256,75,44,33,45,116,390,Xavier Tillman,"$1,300,000"
1630179,2020-21,00,1610612742,DAL,20.0,11,0,56.0,5,16,0.313,0,7,0.0,1,3,0.333,0,6,6,6,5,0,2,2,11,Tyrell Terry,"$1,289,846"
203943,2020-21,00,1610612751,BKN,25.0,4,0,11.0,0,3,0.0,0,2,0.0,0,0,0.0,0,1,1,1,0,0,2,2,0,Noah Vonleh,"$1,087,776"
1630208,2020-21,00,1610612766,CHA,23.0,18,0,63.0,4,9,0.444,0,1,0.0,7,11,0.636,4,7,11,2,0,0,3,7,15,Nick Richards,"$1,000,000"
1630186,2020-21,00,1610612758,SAC,20.0,13,0,94.0,15,38,0.395,5,19,0.263,5,5,1.0,2,8,10,6,4,1,3,8,40,Jahmi'us Ramsey,"$1,000,000"
200794,2020-21,00,1610612743,DEN,36.0,56,36,1162.0,191,401,0.476,49,143,0.343,71,98,0.724,76,186,262,98,51,36,51,111,502,Paul Millsap,"$1,000,000"
1630187,2020-21,00,1610612746,LAC,21.0,30,0,161.0,22,52,0.423,1,5,0.2,9,12,0.75,21,27,48,10,4,7,9,24,54,Daniel Oturu,"$898,310"
1629670,2020-21,00,1610612749,MIL,22.0,30,2,274.0,62,135,0.459,28,62,0.452,19,25,0.76,9,51,60,7,17,8,24,22,171,Jordan Nwora,"$898,310"
1630264,2020-21,00,1610612764,WAS,28.0,26,4,218.0,30,60,0.5,7,24,0.292,13,16,0.813,16,35,51,11,10,4,8,27,80,Anthony Gill,"$898,310"
1630198,2020-21,00,1610612755,PHI,21.0,41,1,383.0,48,133,0.361,39,106,0.368,18,24,0.75,6,30,36,20,12,4,11,34,153,Isaiah Joe,"$898,310"
1630200,2020-21,00,1610612759,SAS,21.0,37,1,269.0,37,78,0.474,3,5,0.6,17,19,0.895,8,13,21,39,8,0,13,13,94,Tre Jones,"$898,310"
1630190,2020-21,00,1610612762,UTA,23.0,18,0,64.0,10,30,0.333,8,23,0.348,3,4,0.75,1,8,9,6,1,1,6,1,31,Elijah Hughes,"$898,310"
1630231,2020-21,00,1610612745,HOU,20.0,45,8,1068.0,162,318,0.509,35,96,0.365,60,84,0.714,73,169,242,48,30,41,38,89,419,KJ Martin,"$898,310"
1629604,2020-21,00,1610612757,POR,21.0,30,0,192.0,25,66,0.379,7,34,0.206,11,15,0.733,11,21,32,10,6,3,5,27,68,CJ Elleby,"$898,310"
1629686,2020-21,00,1610612765,DET,21.0,20,0,133.0,14,40,0.35,10,28,0.357,3,6,0.5,0,29,29,5,2,0,5,9,41,Deividas Sirvydis,"$898,310"
1630241,2020-21,00,1610612749,MIL,25.0,30,2,233.0,32,72,0.444,21,47,0.447,4,4,1.0,6,24,30,21,8,1,10,17,89,Sam Merrill,"$898,310"
1629622,2020-21,00,1610612748,MIA,25.0,39,0,507.0,85,187,0.455,50,148,0.338,16,24,0.667,5,36,41,24,11,2,8,43,236,Max Strus,"$898,310"
1629052,2020-21,00,1610612754,IND,23.0,21,16,519.0,73,151,0.483,33,78,0.423,50,65,0.769,29,86,115,18,19,20,10,32,229,Oshae Brissett,"$757,453"
101141,2020-21,00,1610612762,UTA,34.0,17,1,148.0,21,54,0.389,18,41,0.439,5,5,1.0,7,22,29,4,10,3,8,29,65,Ersan Ilyasova,"$754,783"
1629002,2020-21,00,1610612758,SAC,24.0,36,6,488.0,91,179,0.508,13,37,0.351,31,43,0.721,31,81,112,28,14,18,29,59,226,Chimezie Metu,"$700,000"
1627789,2020-21,00,1610612751,BKN,26.0,58,7,1050.0,130,356,0.365,75,239,0.314,35,43,0.814,28,101,129,69,33,6,43,99,370,Timothe Luwawu-Cabarrot,"$654,469"
1630205,2020-21,00,1610612739,CLE,23.0,40,0,499.0,62,136,0.456,4,25,0.16,37,51,0.725,24,72,96,25,17,13,23,53,165,Lamar Stevens,"$652,366"
1630194,2020-21,00,1610612755,PHI,22.0,26,0,177.0,42,78,0.538,0,6,0.0,4,8,0.5,30,31,61,12,10,13,12,29,88,Paul Reed,"$609,128"
203473,2020-21,00,1610612748,MIA,31.0,16,0,210.0,46,65,0.708,1,5,0.2,20,27,0.741,28,58,86,12,9,6,13,36,113,Dewayne Dedmon,"$432,890"
1628993,2020-21,00,1610612751,BKN,25.0,18,0,189.0,40,68,0.588,1,6,0.167,13,13,1.0,27,63,90,14,5,5,9,16,94,Alize Johnson,"$399,591"
1629308,2020-21,00,1610612744,GSW,28.0,53,16,1108.0,121,209,0.579,37,92,0.402,22,31,0.71,29,206,235,150,41,26,61,111,301,Juan Toscano-Anderson,"$358,295"
1629139,2020-21,00,1610612761,TOR,26.0,50,4,723.0,79,180,0.439,36,90,0.4,24,29,0.828,36,123,159,40,26,19,19,57,218,Yuta Watanabe,"$321,893"
201229,2020-21,00,1610612755,PHI,36.0,11,0,99.0,4,17,0.235,4,14,0.286,5,6,0.833,3,7,10,2,3,2,3,7,17,Anthony Tolliver,"$263,501"
204025,2020-21,00,1610612763,MEM,30.0,5,0,62.0,3,20,0.15,0,8,0.0,2,6,0.333,0,8,8,16,2,1,4,7,8,Tim Frazier,"$255,294"
1629017,2020-21,00,1610612745,HOU,25.0,5,2,153.0,32,66,0.485,9,27,0.333,9,9,1.0,7,11,18,25,9,6,6,8,82,Khyri Thomas,"$250,000"
1628984,2020-21,00,1610612766,CHA,26.0,55,44,1659.0,252,669,0.377,179,477,0.375,133,158,0.842,22,126,148,295,48,6,84,77,816,Devonte' Graham,"$163,861"
1629603,2020-21,00,1610612749,MIL,24.0,14,1,141.0,16,40,0.4,1,8,0.125,11,14,0.786,8,26,34,8,6,5,3,16,44,Mamadi Diakite,"$160,173"
1630230,2020-21,00,1610612740,NOP,23.0,32,10,700.0,82,209,0.392,29,83,0.349,53,75,0.707,15,133,148,88,26,10,38,58,246,Naji Marshall,"$120,000"
1630273,2020-21,00,1610612761,TOR,24.0,20,2,392.0,44,84,0.524,0,0,0.0,23,33,0.697,42,55,97,9,13,20,12,43,111,Freddie Gillespie,"$116,903"
1629091,2020-21,00,1610612749,MIL,26.0,1,0,32.0,6,13,0.462,1,5,0.2,3,3,1.0,2,4,6,3,0,1,4,4,16,Elijah Bryant,"$24,611"
1629718,2020-21,00,1610612760,OKC,24.0,9,1,152.0,13,43,0.302,5,21,0.238,9,10,0.9,3,14,17,9,4,2,6,19,40,Charlie Brown Jr.,"$19,804"
1627780,2020-21,00,1610612744,GSW,28.0,10,0,40.0,10,13,0.769,2,4,0.5,3,4,0.75,2,9,11,1,6,1,1,8,25,Gary Payton II,"$11,898"
