PLAYER_ID,Name,HEIGHT,WEIGHT,POSITION,SEASON_EXP,DRAFT_NUMBER,SEASON_ID,TEAM_ABBREVIATION_y,GP,GS/G,MIN/G,REB/G,AST/G,STL/G,BLK/G,TOV/G,PTS/G,Salary
977,Kobe Bryant,198.12,212.0,Forward-Guard,17,13,2013-14,LAL,6,1.0,29.5,4.33,6.33,1.17,0.17,5.67,13.83,30.45
1717,Dirk Nowitzki,213.36,245.0,Forward,15,9,2013-14,DAL,80,1.0,32.85,6.22,2.7,0.91,0.56,1.46,21.69,22.72
2405,Amar'e Stoudemire,208.28,245.0,Forward-Center,11,9,2013-14,NYK,65,0.32,22.55,4.92,0.52,0.35,0.57,1.4,11.88,21.68
2546,Carmelo Anthony,200.66,238.0,Forward,10,3,2013-14,NYK,77,1.0,38.73,8.08,3.14,1.23,0.66,2.57,27.43,21.39
2730,Dwight Howard,208.28,265.0,Forward-Center,9,1,2013-14,HOU,71,1.0,33.75,12.2,1.85,0.85,1.8,3.23,18.27,20.51
2200,Pau Gasol,213.36,250.0,Forward-Center,12,3,2013-14,LAL,60,1.0,31.4,9.67,3.35,0.45,1.53,2.35,17.35,19.29
2547,Chris Bosh,210.82,235.0,Forward,10,4,2013-14,MIA,79,1.0,32.04,6.61,1.1,1.01,0.99,1.58,16.22,19.07
2544,LeBron James,205.74,250.0,Forward,10,1,2013-14,MIA,77,1.0,37.69,6.92,6.34,1.57,0.34,3.51,27.13,19.07
2548,Dwyane Wade,193.04,220.0,Guard,10,5,2013-14,MIA,54,0.98,32.87,4.46,4.67,1.46,0.54,2.98,19.04,18.67
101108,Chris Paul,182.88,175.0,Guard,8,4,2013-14,LAC,62,1.0,35.02,4.32,10.69,2.48,0.06,2.34,19.11,18.67
101114,Deron Williams,190.5,200.0,Guard,8,3,2013-14,BKN,64,0.91,32.17,2.62,6.12,1.45,0.2,2.23,14.3,18.47
2216,Zach Randolph,205.74,250.0,Forward,12,19,2013-14,MEM,79,1.0,34.24,10.06,2.53,0.68,0.29,2.32,17.37,18.24
201142,Kevin Durant,210.82,240.0,Forward,6,2,2013-14,OKC,81,1.0,38.54,7.38,5.49,1.27,0.73,3.52,32.01,17.83
201565,Derrick Rose,190.5,200.0,Guard,5,1,2013-14,CHI,10,1.0,31.1,3.2,4.3,0.5,0.1,3.4,15.9,17.63
201933,Blake Griffin,205.74,250.0,Forward,4,1,2013-14,LAC,80,1.0,35.79,9.46,3.86,1.15,0.64,2.8,24.12,16.44
1718,Paul Pierce,200.66,235.0,Forward,15,10,2013-14,BKN,75,0.91,27.97,4.64,2.37,1.15,0.41,2.04,13.47,15.33
2430,Carlos Boozer,205.74,258.0,Forward,11,34,2013-14,CHI,76,1.0,28.17,8.32,1.55,0.7,0.29,2.03,13.71,15.3
200746,LaMarcus Aldridge,210.82,250.0,Forward-Center,7,2,2013-14,POR,69,1.0,36.22,11.09,2.58,0.91,0.99,1.78,23.23,14.88
201188,Marc Gasol,210.82,255.0,Center,5,48,2013-14,MEM,59,1.0,33.39,7.19,3.64,1.0,1.29,1.88,14.56,14.86
201572,Brook Lopez,215.9,282.0,Center,5,10,2013-14,BKN,17,1.0,31.35,6.0,0.94,0.53,1.76,1.65,20.71,14.69
201567,Kevin Love,203.2,251.0,Forward-Center,5,5,2013-14,MIN,77,1.0,36.32,12.51,4.43,0.77,0.45,2.55,26.1,14.69
201566,Russell Westbrook,193.04,200.0,Guard,5,4,2013-14,OKC,46,1.0,30.7,5.72,6.93,1.91,0.15,3.85,21.78,14.69
201569,Eric Gordon,190.5,215.0,Guard,5,7,2013-14,NOP,64,1.0,32.14,2.58,3.25,1.16,0.19,2.09,15.44,14.28
201579,Roy Hibbert,218.44,270.0,Center,5,17,2013-14,IND,81,1.0,29.74,6.64,1.12,0.36,2.25,1.83,10.75,14.28
2199,Tyson Chandler,213.36,235.0,Center,12,2,2013-14,NYK,55,1.0,30.22,9.62,1.07,0.65,1.15,1.29,8.73,14.1
101106,Andrew Bogut,213.36,260.0,Center,8,1,2013-14,GSW,67,1.0,26.4,10.01,1.67,0.7,1.81,1.45,7.34,14.0
101135,David Lee,205.74,245.0,Forward-Center,8,30,2013-14,GSW,69,0.97,33.16,9.32,2.13,0.7,0.38,2.2,18.22,13.88
201935,James Harden,195.58,220.0,Guard,4,3,2013-14,HOU,73,1.0,38.04,4.71,6.11,1.58,0.4,3.63,25.36,13.7
2744,Al Jefferson,208.28,280.0,Center,9,15,2013-14,CHA,73,1.0,34.97,10.85,2.12,0.92,1.08,1.7,21.84,13.5
2738,Andre Iguodala,198.12,215.0,Forward-Guard,9,9,2013-14,GSW,63,1.0,32.38,4.65,4.17,1.51,0.29,1.59,9.33,12.87
2225,Tony Parker,187.96,185.0,Guard,12,28,2013-14,SAS,68,1.0,29.37,2.28,5.71,0.53,0.13,2.22,16.68,12.5
708,Kevin Garnett,210.82,240.0,Forward,18,5,2013-14,BKN,54,1.0,20.54,6.63,1.52,0.8,0.74,1.28,6.52,12.43
201593,Nikola Pekovic,210.82,307.0,Center,3,31,2013-14,MIN,54,1.0,30.8,8.67,0.93,0.56,0.43,1.56,17.48,12.1
2743,Kris Humphries,205.74,235.0,Forward,9,14,2013-14,BOS,69,0.43,19.94,5.93,0.97,0.45,0.88,0.93,8.39,12.0
2561,David West,205.74,250.0,Forward,10,18,2013-14,IND,80,1.0,30.9,6.78,2.79,0.76,0.92,1.66,13.98,12.0
201143,Al Horford,205.74,240.0,Forward-Center,6,3,2013-14,ATL,29,1.0,33.03,8.41,2.62,0.93,1.52,2.21,18.55,12.0
200765,Rajon Rondo,185.42,180.0,Guard,7,21,2013-14,BOS,30,1.0,33.27,5.47,9.8,1.33,0.07,3.3,11.67,11.95
201587,Nicolas Batum,203.2,230.0,Forward-Guard,5,25,2013-14,POR,82,1.0,36.05,7.45,5.12,0.91,0.7,2.54,13.05,11.3
201149,Joakim Noah,210.82,232.0,Forward-Center,6,9,2013-14,CHI,80,1.0,35.25,11.25,5.39,1.24,1.51,2.42,12.59,11.1
2210,Richard Jefferson,200.66,233.0,Forward,12,13,2013-14,UTA,82,0.95,26.99,2.67,1.59,0.68,0.17,1.15,10.13,11.05
201599,DeAndre Jordan,210.82,265.0,Center,5,35,2013-14,LAC,82,1.0,35.0,13.59,0.9,0.98,2.48,1.5,10.44,10.99
201951,Ty Lawson,180.34,195.0,Guard,4,18,2013-14,DEN,62,0.98,35.84,3.47,8.76,1.61,0.16,3.23,17.58,10.79
201580,JaVale McGee,213.36,270.0,Forward-Center,5,18,2013-14,DEN,5,1.0,15.8,3.4,0.4,0.2,1.4,1.6,7.0,10.75
1495,Tim Duncan,210.82,250.0,Forward-Center,16,1,2013-14,SAS,74,1.0,29.16,9.74,2.97,0.58,1.88,2.15,15.12,10.36
2222,Gerald Wallace,200.66,220.0,Forward,12,25,2013-14,BOS,58,0.28,24.41,3.66,2.47,1.26,0.24,1.67,5.14,10.11
201168,Tiago Splitter,210.82,245.0,Forward-Center,3,28,2013-14,SAS,59,0.85,21.54,6.15,1.53,0.49,0.53,1.27,8.19,10.0
201939,Stephen Curry,187.96,185.0,Guard,4,7,2013-14,GSW,78,1.0,36.49,4.28,8.54,1.64,0.18,3.77,24.01,9.89
201950,Jrue Holiday,193.04,205.0,Guard,4,17,2013-14,NOP,34,1.0,33.62,4.18,7.88,1.65,0.35,3.09,14.32,9.71
200794,Paul Millsap,200.66,257.0,Forward,7,47,2013-14,ATL,74,0.99,33.54,8.47,3.14,1.74,1.05,2.5,17.95,9.5
201942,DeMar DeRozan,198.12,220.0,Forward-Guard,4,9,2013-14,TOR,79,1.0,38.19,4.34,3.96,1.09,0.35,2.23,22.67,9.5
1890,Shawn Marion,200.66,228.0,Forward-Guard,14,9,2013-14,DAL,76,1.0,31.7,6.54,1.63,1.18,0.49,1.25,10.41,9.32
959,Steve Nash,190.5,178.0,Guard,17,15,2013-14,LAL,15,0.67,20.87,1.93,5.73,0.47,0.13,2.07,6.8,9.3
201152,Thaddeus Young,203.2,225.0,Forward,6,12,2013-14,PHI,79,0.99,34.41,6.03,2.3,2.11,0.46,2.09,17.94,8.85
2570,Kendrick Perkins,208.28,270.0,Center,10,27,2013-14,OKC,62,1.0,19.47,4.92,1.08,0.42,0.52,1.45,3.4,8.73
201145,Jeff Green,203.2,235.0,Forward,6,5,2013-14,BOS,82,1.0,34.21,4.63,1.68,0.7,0.57,2.01,16.85,8.7
201144,Mike Conley,182.88,175.0,Guard,6,4,2013-14,MEM,73,1.0,33.51,2.92,6.04,1.51,0.18,2.05,17.21,8.6
101111,Charlie Villanueva,210.82,232.0,Forward,8,7,2013-14,DET,20,0.0,9.0,1.7,0.3,0.2,0.25,0.35,4.6,8.58
202391,Jeremy Lin,190.5,200.0,Guard,3,61,2013-14,HOU,71,0.46,28.93,2.63,4.14,0.96,0.38,2.48,12.54,8.37
201600,Omer Asik,213.36,255.0,Center,3,36,2013-14,HOU,48,0.4,20.17,7.88,0.52,0.29,0.77,1.23,5.83,8.37
201952,Jeff Teague,190.5,195.0,Guard,4,19,2013-14,ATL,79,1.0,32.18,2.63,6.68,1.13,0.22,2.94,16.51,8.0
201564,O.J. Mayo,195.58,210.0,Guard,5,3,2013-14,MIL,52,0.44,25.88,2.38,2.17,0.54,0.25,1.83,11.69,8.0
201588,George Hill,193.04,188.0,Guard,5,26,2013-14,IND,76,1.0,32.03,3.72,3.49,0.99,0.3,1.21,10.28,8.0
101145,Monta Ellis,190.5,185.0,Guard,8,40,2013-14,DAL,82,1.0,36.87,3.6,5.74,1.72,0.28,3.22,19.02,8.0
101141,Ersan Ilyasova,205.74,235.0,Forward,7,36,2013-14,MIL,55,0.85,26.87,6.22,1.31,0.84,0.15,1.11,11.24,7.9
201943,Brandon Jennings,185.42,170.0,Guard,4,10,2013-14,DET,80,0.99,34.1,3.05,7.61,1.26,0.1,2.69,15.51,7.66
201959,Taj Gibson,205.74,232.0,Forward,4,26,2013-14,CHI,82,0.1,28.67,6.8,1.11,0.5,1.37,1.83,13.04,7.55
1938,Manu Ginobili,198.12,205.0,Guard,11,57,2013-14,SAS,68,0.04,22.79,2.97,4.31,1.03,0.25,2.04,12.32,7.5
201167,Arron Afflalo,195.58,210.0,Guard,6,27,2013-14,ORL,73,1.0,34.96,3.59,3.4,0.48,0.04,2.0,18.22,7.5
201609,Goran Dragic,193.04,190.0,Guard,5,45,2013-14,PHX,76,0.99,35.11,3.22,5.88,1.37,0.29,2.8,20.29,7.5
101107,Marvin Williams,203.2,237.0,Forward,8,2,2013-14,UTA,66,0.76,25.36,5.06,1.18,0.82,0.47,0.8,9.14,7.5
2419,Tayshaun Prince,205.74,212.0,Forward,11,23,2013-14,MEM,76,1.0,25.63,3.08,1.57,0.51,0.25,0.54,5.97,7.24
202083,Wesley Matthews,195.58,220.0,Guard,4,61,2013-14,POR,82,1.0,33.9,3.52,2.4,0.93,0.17,1.34,16.38,6.88
101181,Jose Calderon,190.5,200.0,Guard,8,61,2013-14,DAL,81,1.0,30.47,2.37,4.65,0.85,0.14,1.27,11.42,6.79
2594,Kyle Korver,200.66,212.0,Forward-Guard,10,51,2013-14,ATL,71,1.0,33.92,3.97,2.93,0.99,0.34,1.44,11.97,6.76
2755,Kevin Martin,200.66,199.0,Guard,9,26,2013-14,MIN,68,1.0,32.01,2.99,1.78,0.97,0.09,1.56,19.09,6.5
201171,Carl Landry,205.74,248.0,Forward,6,31,2013-14,SAC,18,0.06,12.94,3.17,0.28,0.17,0.06,0.5,4.22,6.5
101161,Amir Johnson,205.74,240.0,Forward-Center,8,56,2013-14,TOR,77,0.94,28.75,6.56,1.49,0.73,1.14,1.6,10.38,6.5
200755,JJ Redick,190.5,200.0,Guard,7,11,2013-14,LAC,35,0.97,28.2,2.11,2.23,0.8,0.09,1.2,15.2,6.5
101138,Brandon Bass,203.2,250.0,Forward,8,33,2013-14,BOS,82,0.89,27.63,5.73,1.06,0.44,0.87,1.24,11.11,6.45
101112,Channing Frye,213.36,255.0,Forward-Center,8,8,2013-14,PHX,82,1.0,28.2,5.07,1.2,0.73,0.77,1.09,11.1,6.4
201163,Wilson Chandler,203.2,235.0,Forward,6,23,2013-14,DEN,62,0.89,31.08,4.74,1.84,0.74,0.5,1.27,13.65,6.34
101127,Jarrett Jack,190.5,200.0,Guard,8,22,2013-14,CLE,80,0.39,28.15,2.79,4.05,0.7,0.28,1.66,9.5,6.3
202361,Landry Fields,200.66,215.0,Forward-Guard,3,39,2013-14,TOR,30,0.07,10.73,1.97,0.67,0.33,0.1,0.37,2.27,6.25
200768,Kyle Lowry,182.88,196.0,Guard,7,24,2013-14,TOR,79,1.0,36.23,4.67,7.42,1.53,0.19,2.46,17.94,6.21
202324,Derrick Favors,205.74,265.0,Forward,3,3,2013-14,UTA,73,1.0,30.15,8.73,1.25,1.03,1.48,1.77,13.29,6.01
201574,Jason Thompson,210.82,250.0,Forward-Center,5,12,2013-14,SAC,82,0.74,24.48,6.43,0.65,0.39,0.68,1.16,7.15,5.64
1891,Jason Terry,187.96,185.0,Guard,14,10,2013-14,BKN,35,0.0,16.29,1.06,1.6,0.37,0.0,0.77,4.54,5.63
202681,Kyrie Irving,187.96,195.0,Guard,2,1,2013-14,CLE,71,1.0,35.15,3.65,6.1,1.52,0.32,2.68,20.82,5.61
2747,JR Smith,198.12,220.0,Guard,9,18,2013-14,NYK,74,0.5,32.72,4.0,2.96,0.88,0.27,1.46,14.47,5.56
203076,Anthony Davis,208.28,253.0,Forward-Center,1,1,2013-14,NOP,67,0.99,35.19,10.04,1.57,1.33,2.82,1.63,20.81,5.38
2037,Jamal Crawford,195.58,200.0,Guard,13,8,2013-14,LAC,69,0.35,30.35,2.29,3.23,0.86,0.17,1.96,18.58,5.22
101150,Lou Williams,187.96,175.0,Guard,8,45,2013-14,ATL,60,0.12,24.08,2.07,3.5,0.75,0.07,1.53,10.42,5.22
2585,Zaza Pachulia,210.82,270.0,Center,10,42,2013-14,MIL,53,0.81,25.0,6.28,2.57,0.85,0.26,1.74,7.7,5.2
201581,JJ Hickson,205.74,242.0,Forward-Center,5,19,2013-14,DEN,69,0.75,26.94,9.16,1.39,0.68,0.74,1.86,11.8,5.15
101110,Martell Webster,200.66,230.0,Forward-Guard,8,6,2013-14,WAS,78,0.17,27.65,2.85,1.24,0.53,0.19,0.74,9.73,5.15
2586,Keith Bogans,195.58,215.0,Forward-Guard,10,43,2013-14,BOS,6,0.0,9.17,0.5,0.5,0.17,0.0,0.17,2.0,5.06
201147,Corey Brewer,205.74,188.0,Forward-Guard,6,7,2013-14,MIN,81,1.0,32.21,2.56,1.67,1.86,0.37,1.3,12.32,5.0
201978,Chase Budinger,200.66,209.0,Forward,4,44,2013-14,MIN,41,0.2,18.32,2.51,0.76,0.46,0.05,0.59,6.68,5.0
202326,DeMarcus Cousins,208.28,270.0,Center,3,5,2013-14,SAC,71,1.0,32.37,11.7,2.92,1.54,1.28,3.54,22.73,4.92
203077,Michael Kidd-Gilchrist,198.12,232.0,Forward,1,2,2013-14,CHA,62,1.0,24.23,5.23,0.84,0.69,0.63,0.97,7.23,4.81
203506,Victor Oladipo,190.5,213.0,Guard,0,2,2013-14,ORL,80,0.55,31.09,4.11,4.09,1.61,0.46,3.2,13.82,4.76
2564,Boris Diaw,203.2,250.0,Forward-Center,10,21,2013-14,SAS,79,0.3,24.99,4.13,2.81,0.56,0.41,1.53,9.08,4.7
200826,J.J. Barea,177.8,180.0,Guard,7,61,2013-14,MIN,79,0.01,18.62,1.95,3.84,0.33,0.0,1.58,8.35,4.69
201973,Jonas Jerebko,208.28,231.0,Forward,4,39,2013-14,DET,64,0.0,11.58,2.73,0.61,0.33,0.09,0.67,4.22,4.5
202327,Ekpe Udoh,208.28,245.0,Forward-Center,3,6,2013-14,MIL,42,0.33,19.14,3.52,0.74,0.36,1.05,0.9,3.43,4.47
202389,Timofey Mozgov,215.9,275.0,Center,3,61,2013-14,DEN,82,0.37,21.59,6.44,0.76,0.33,1.22,1.49,9.39,4.4
2617,Udonis Haslem,200.66,235.0,Forward,10,61,2013-14,MIA,46,0.39,14.2,3.8,0.28,0.24,0.33,0.52,3.76,4.34
203078,Bradley Beal,193.04,207.0,Guard,1,3,2013-14,WAS,73,1.0,34.66,3.74,3.33,0.97,0.25,1.75,17.11,4.32
201162,Jared Dudley,198.12,237.0,Forward,6,22,2013-14,LAC,74,0.58,23.36,2.16,1.41,0.55,0.14,0.76,6.91,4.25
202328,Greg Monroe,208.28,250.0,Forward-Center,3,7,2013-14,DET,82,1.0,32.8,9.27,2.09,1.11,0.57,2.02,15.23,4.09
202684,Tristan Thompson,205.74,254.0,Forward-Center,2,4,2013-14,CLE,82,1.0,31.63,9.2,0.88,0.51,0.43,1.32,11.72,4.06
2550,Kirk Hinrich,193.04,190.0,Guard,10,7,2013-14,CHI,73,0.84,28.99,2.63,3.92,1.1,0.36,1.64,9.12,4.06
101133,Ian Mahinmi,210.82,262.0,Center,6,28,2013-14,IND,77,0.01,16.21,3.34,0.31,0.53,0.94,0.75,3.53,4.0
1882,Elton Brand,205.74,254.0,Forward,14,1,2013-14,ATL,73,0.21,19.37,4.95,1.01,0.55,1.21,0.82,5.74,4.0
201596,Mario Chalmers,187.96,190.0,Guard,5,34,2013-14,MIA,73,1.0,29.84,2.93,4.89,1.63,0.22,2.22,9.81,4.0
2588,Matt Bonner,208.28,235.0,Forward-Center,9,45,2013-14,SAS,61,0.0,11.31,2.13,0.51,0.25,0.18,0.26,3.23,3.94
200757,Thabo Sefolosha,198.12,215.0,Forward-Guard,7,13,2013-14,OKC,61,1.0,25.97,3.61,1.54,1.3,0.28,0.9,6.28,3.9
203079,Dion Waiters,190.5,210.0,Guard,1,4,2013-14,CLE,70,0.34,29.6,2.79,2.99,0.9,0.24,2.2,15.9,3.89
203469,Cody Zeller,210.82,240.0,Forward-Center,0,4,2013-14,CHA,82,0.04,17.28,4.3,1.12,0.49,0.5,1.06,5.98,3.86
202329,Al-Farouq Aminu,203.2,220.0,Forward,3,8,2013-14,NOP,80,0.81,25.56,6.2,1.42,1.02,0.48,1.1,7.15,3.75
201937,Ricky Rubio,187.96,190.0,Guard,2,5,2013-14,MIN,82,1.0,32.17,4.17,8.59,2.33,0.13,2.7,9.52,3.68
101109,Raymond Felton,185.42,205.0,Guard,8,5,2013-14,NYK,65,1.0,31.03,3.03,5.62,1.2,0.42,1.98,9.69,3.64
202685,Jonas Valanciunas,210.82,265.0,Center,1,5,2013-14,TOR,81,1.0,28.17,8.81,0.7,0.3,0.88,1.68,11.31,3.53
203080,Thomas Robinson,208.28,237.0,Forward,1,5,2013-14,POR,70,0.0,12.47,4.39,0.49,0.33,0.29,0.81,4.84,3.53
201578,Marreese Speights,208.28,255.0,Forward-Center,5,16,2013-14,GSW,79,0.04,12.43,3.67,0.41,0.13,0.43,0.84,6.43,3.5
201941,Jordan Hill,208.28,240.0,Forward-Center,4,8,2013-14,LAL,72,0.44,20.83,7.43,0.75,0.4,0.89,1.04,9.67,3.5
101123,Gerald Green,200.66,205.0,Forward-Guard,8,18,2013-14,PHX,82,0.59,28.41,3.35,1.49,0.85,0.51,1.77,15.79,3.5
203458,Alex Len,213.36,250.0,Center,0,5,2013-14,PHX,42,0.07,8.62,2.36,0.1,0.1,0.43,0.62,2.05,3.49
202330,Gordon Hayward,200.66,225.0,Forward,3,9,2013-14,UTA,77,1.0,36.36,5.08,5.19,1.43,0.52,2.75,16.21,3.45
202331,Paul George,203.2,220.0,Forward,3,10,2013-14,IND,80,1.0,36.22,6.78,3.54,1.89,0.28,2.8,21.71,3.28
2203,Shane Battier,203.2,220.0,Forward,12,6,2013-14,MIA,73,0.77,20.11,1.89,0.86,0.68,0.53,0.29,4.08,3.27
2440,Matt Barnes,200.66,226.0,Forward,11,45,2013-14,LAC,63,0.63,27.54,4.63,1.98,0.89,0.44,1.35,9.92,3.25
201589,Darrell Arthur,205.74,235.0,Forward,5,27,2013-14,DEN,68,0.01,17.07,3.09,0.9,0.57,0.69,0.85,5.9,3.23
951,Ray Allen,195.58,205.0,Guard,17,5,2013-14,MIA,73,0.12,26.52,2.81,1.96,0.74,0.11,1.15,9.6,3.23
203081,Damian Lillard,187.96,195.0,Guard,1,6,2013-14,POR,82,1.0,35.82,3.51,5.57,0.78,0.27,2.35,20.67,3.2
2549,Chris Kaman,213.36,265.0,Center,10,6,2013-14,LAL,39,0.33,18.87,5.87,1.49,0.28,1.03,1.9,10.36,3.18
2399,Mike Dunleavy,205.74,230.0,Forward-Guard,11,3,2013-14,CHI,82,0.74,31.51,4.21,2.27,0.78,0.56,1.32,11.33,3.18
1713,Vince Carter,198.12,220.0,Forward-Guard,15,5,2013-14,DAL,81,0.0,24.36,3.51,2.62,0.75,0.43,1.33,11.94,3.18
202334,Ed Davis,205.74,218.0,Forward-Center,3,13,2013-14,MEM,63,0.06,15.17,4.13,0.43,0.27,0.68,0.63,5.67,3.15
203144,Alexey Shved,198.12,187.0,Guard,1,61,2013-14,MIN,63,0.0,10.54,1.29,1.08,0.41,0.25,0.76,3.97,3.15
202687,Bismack Biyombo,203.2,255.0,Center,2,7,2013-14,CHA,77,0.12,13.92,4.75,0.1,0.09,1.12,0.52,2.88,3.05
201585,Kosta Koufos,213.36,245.0,Center,5,23,2013-14,MEM,80,0.28,16.86,5.22,0.49,0.4,0.89,0.84,6.42,3.0
2566,Travis Outlaw,205.74,207.0,Forward,10,23,2013-14,SAC,63,0.06,16.9,2.67,0.76,0.32,0.3,0.41,5.44,3.0
200751,Randy Foye,193.04,218.0,Guard,7,7,2013-14,DEN,81,0.96,30.68,2.86,3.54,0.83,0.48,1.79,13.19,3.0
2748,Dorell Wright,205.74,205.0,Forward-Guard,9,19,2013-14,POR,68,0.19,14.47,2.81,0.94,0.34,0.24,0.57,5.04,3.0
203084,Harrison Barnes,203.2,225.0,Forward,1,7,2013-14,GSW,78,0.31,28.26,3.99,1.49,0.83,0.26,1.08,9.46,2.92
200777,Joel Freeland,208.28,225.0,Forward-Center,1,30,2013-14,POR,52,0.0,13.98,4.0,0.69,0.19,0.42,0.62,3.35,2.9
203463,Ben McLemore,190.5,195.0,Guard,0,7,2013-14,SAC,82,0.67,26.67,2.87,1.0,0.55,0.22,1.17,8.78,2.9
101198,Will Bynum,182.88,185.0,Guard,8,61,2013-14,DET,56,0.05,18.82,1.77,3.86,0.7,0.12,1.84,8.66,2.79
202338,Kevin Seraphin,208.28,278.0,Forward-Center,3,17,2013-14,WAS,53,0.02,10.91,2.42,0.32,0.06,0.49,0.77,4.7,2.76
201158,Marco Belinelli,195.58,220.0,Guard,6,18,2013-14,SAS,80,0.31,25.2,2.82,2.24,0.62,0.09,1.19,11.39,2.75
203082,Terrence Ross,200.66,206.0,Forward-Guard,1,8,2013-14,TOR,81,0.77,26.65,3.11,0.98,0.79,0.33,1.09,10.85,2.68
203484,Kentavious Caldwell-Pope,195.58,204.0,Guard,0,8,2013-14,DET,80,0.51,19.79,1.95,0.69,0.94,0.15,0.35,5.88,2.65
201961,Wayne Ellington,193.04,207.0,Guard,4,28,2013-14,DAL,45,0.02,8.73,0.96,0.42,0.36,0.04,0.24,3.22,2.65
2590,Mo Williams,185.42,198.0,Guard,10,47,2013-14,POR,74,0.0,24.77,2.07,4.34,0.74,0.14,2.01,9.74,2.65
202339,Eric Bledsoe,185.42,214.0,Guard,3,18,2013-14,PHX,43,0.93,32.93,4.7,5.47,1.6,0.33,3.33,17.74,2.63
2555,Nick Collison,208.28,255.0,Forward-Center,10,12,2013-14,OKC,81,0.0,16.7,3.62,1.28,0.37,0.35,0.88,4.17,2.59
201960,DeMarre Carroll,198.12,215.0,Forward,4,27,2013-14,ATL,73,1.0,32.07,5.52,1.84,1.48,0.29,1.08,11.1,2.56
202340,Avery Bradley,190.5,180.0,Guard,3,19,2013-14,BOS,60,0.97,30.92,3.77,1.42,1.05,0.18,1.6,14.85,2.51
1497,Chauncey Billups,190.5,210.0,Guard,16,3,2013-14,DET,19,0.37,16.26,1.47,2.21,0.42,0.05,1.32,3.79,2.5
203083,Andre Drummond,210.82,279.0,Center,1,9,2013-14,DET,81,1.0,32.33,13.22,0.43,1.25,1.62,1.36,13.52,2.47
203504,Trey Burke,182.88,185.0,Guard,0,9,2013-14,UTA,70,0.97,32.31,2.97,5.66,0.6,0.09,1.87,12.79,2.44
202344,Trevor Booker,203.2,228.0,Forward,3,23,2013-14,WAS,72,0.62,21.57,5.26,0.89,0.57,0.62,0.81,6.82,2.35
203085,Austin Rivers,193.04,200.0,Guard,1,10,2013-14,NOP,69,0.06,19.41,1.87,2.32,0.65,0.13,1.12,7.68,2.34
202691,Klay Thompson,198.12,220.0,Guard,2,11,2013-14,GSW,81,1.0,35.41,3.07,2.23,0.91,0.46,1.67,18.37,2.32
203468,CJ McCollum,190.5,190.0,Guard,0,10,2013-14,POR,38,0.0,12.53,1.26,0.71,0.37,0.05,0.92,5.29,2.32
202347,Quincy Pondexter,200.66,230.0,Forward,3,26,2013-14,MEM,15,0.13,18.0,1.73,1.33,0.33,0.07,1.0,6.27,2.23
203086,Meyers Leonard,213.36,260.0,Forward-Center,1,11,2013-14,POR,40,0.0,8.88,2.78,0.45,0.18,0.12,0.38,2.45,2.22
202692,Alec Burks,195.58,214.0,Guard,2,12,2013-14,UTA,78,0.15,28.12,3.29,2.72,0.88,0.18,1.91,13.96,2.2
203487,Michael Carter-Williams,195.58,190.0,Guard,0,11,2013-14,PHI,70,1.0,34.49,6.24,6.3,1.86,0.61,3.53,16.67,2.2
201967,Dante Cunningham,203.2,230.0,Forward,4,33,2013-14,MIN,81,0.09,20.19,4.07,1.02,0.77,0.72,0.52,6.3,2.18
203087,Jeremy Lamb,195.58,180.0,Forward-Guard,1,12,2013-14,OKC,78,0.0,19.72,2.42,1.47,0.72,0.33,0.78,8.53,2.11
202693,Markieff Morris,205.74,245.0,Forward,2,13,2013-14,PHX,81,0.0,26.58,5.99,1.78,0.84,0.63,1.81,13.77,2.09
203500,Steven Adams,210.82,265.0,Center,0,12,2013-14,OKC,81,0.25,14.78,4.1,0.53,0.49,0.7,0.88,3.27,2.09
201228,C.J. Watson,187.96,175.0,Guard,6,61,2013-14,IND,63,0.08,18.94,1.6,1.7,0.95,0.13,0.95,6.57,2.02
979,Jermaine O'Neal,210.82,255.0,Forward-Center,17,17,2013-14,GSW,44,0.3,20.07,5.5,0.57,0.32,0.91,1.18,7.93,2.0
203543,Vitor Faverani,210.82,260.0,Center,0,61,2013-14,BOS,37,0.22,13.19,3.46,0.43,0.38,0.73,1.11,4.43,2.0
202694,Marcus Morris Sr.,203.2,218.0,Forward,2,14,2013-14,PHX,82,0.01,21.95,3.89,1.07,0.88,0.22,1.16,9.71,1.99
203482,Kelly Olynyk,210.82,240.0,Forward-Center,0,13,2013-14,BOS,70,0.13,20.0,5.21,1.56,0.5,0.39,1.51,8.67,1.99
203089,John Henson,205.74,219.0,Forward-Center,1,14,2013-14,MIL,70,0.33,26.51,7.1,1.61,0.59,1.66,1.63,11.13,1.91
202695,Kawhi Leonard,200.66,225.0,Forward,2,15,2013-14,SAS,66,0.98,29.14,6.24,2.02,1.73,0.76,1.21,12.79,1.89
203498,Shabazz Muhammad,198.12,221.0,Forward-Guard,0,14,2013-14,MIN,37,0.0,7.84,1.43,0.16,0.22,0.03,0.43,3.86,1.89
203090,Maurice Harkless,200.66,220.0,Forward-Guard,1,15,2013-14,ORL,80,0.51,24.38,3.3,1.0,1.21,0.62,1.08,7.4,1.81
202696,Nikola Vucevic,208.28,260.0,Center,2,16,2013-14,ORL,57,1.0,31.79,10.98,1.82,1.05,0.82,1.96,14.23,1.79
203507,Giannis Antetokounmpo,210.82,243.0,Forward,0,15,2013-14,MIL,77,0.3,24.64,4.4,1.95,0.78,0.79,1.58,6.82,1.79
201965,Jeff Ayres,205.74,250.0,Forward-Center,4,31,2013-14,SAS,73,0.14,13.04,3.53,0.82,0.18,0.34,0.86,3.29,1.75
202379,Jeremy Evans,205.74,200.0,Forward,3,55,2013-14,UTA,66,0.06,18.32,4.7,0.67,0.64,0.7,0.61,6.08,1.66
203092,Tyler Zeller,210.82,250.0,Forward-Center,1,17,2013-14,CLE,70,0.13,14.99,4.03,0.51,0.26,0.54,0.86,5.7,1.63
202698,Chris Singleton,205.74,228.0,Forward,2,18,2013-14,WAS,25,0.0,10.0,2.2,0.24,0.36,0.12,0.68,3.0,1.62
203143,Pablo Prigioni,190.5,185.0,Guard,1,61,2013-14,NYK,66,0.41,19.44,1.95,3.45,1.02,0.03,0.91,3.82,1.59
201975,Jodie Meeks,193.04,210.0,Guard,4,41,2013-14,LAL,77,0.91,33.19,2.52,1.79,1.44,0.05,1.44,15.7,1.55
202699,Tobias Harris,203.2,226.0,Forward,2,19,2013-14,ORL,61,0.59,30.33,6.95,1.34,0.67,0.39,1.28,14.64,1.55
203499,Shane Larkin,180.34,175.0,Guard,0,18,2013-14,DAL,48,0.0,10.19,0.88,1.48,0.54,0.02,0.81,2.75,1.54
2592,James Jones,203.2,218.0,Forward-Guard,10,49,2013-14,MIA,20,0.3,11.8,1.15,0.45,0.15,0.2,0.2,4.85,1.5
203508,Sergey Karasev,200.66,208.0,Forward-Guard,0,19,2013-14,CLE,22,0.05,7.09,0.73,0.27,0.14,0.05,0.5,1.68,1.47
203095,Evan Fournier,198.12,205.0,Forward-Guard,1,20,2013-14,DEN,76,0.05,19.79,2.66,1.47,0.45,0.09,1.32,8.39,1.42
203503,Tony Snell,198.12,213.0,Guard,0,20,2013-14,CHI,77,0.16,15.99,1.61,0.88,0.38,0.19,0.57,4.49,1.41
2584,Willie Green,190.5,205.0,Guard,10,41,2013-14,LAC,55,0.16,15.8,1.42,0.91,0.4,0.2,0.62,4.96,1.4
1740,Rashard Lewis,208.28,235.0,Forward,15,32,2013-14,MIA,60,0.1,16.18,1.83,0.95,0.88,0.13,0.58,4.47,1.4
101154,Andray Blatche,210.82,260.0,Forward-Center,8,49,2013-14,BKN,73,0.1,22.16,5.34,1.53,1.03,0.52,1.51,11.25,1.38
202702,Kenneth Faried,203.2,220.0,Forward-Center,2,22,2013-14,DEN,80,0.96,27.22,8.55,1.2,0.88,0.86,1.69,13.7,1.37
203476,Gorgui Dieng,208.28,248.0,Center,0,21,2013-14,MIN,60,0.25,13.63,5.0,0.65,0.5,0.83,0.9,4.77,1.35
203471,Dennis Schroder,185.42,175.0,Guard,0,17,2013-14,ATL,49,0.0,13.08,1.22,1.9,0.35,0.0,1.24,3.73,1.35
203486,Mason Plumlee,208.28,254.0,Forward-Center,0,22,2013-14,BKN,70,0.31,18.21,4.4,0.86,0.7,0.79,1.1,7.43,1.3
202704,Reggie Jackson,187.96,208.0,Guard,2,24,2013-14,OKC,80,0.45,28.46,3.91,4.14,1.06,0.11,2.1,13.09,1.26
203098,John Jenkins,193.04,215.0,Guard,1,23,2013-14,ATL,13,0.0,12.15,1.69,0.85,0.08,0.08,0.85,3.08,1.26
201934,Hasheem Thabeet,220.98,263.0,Center,4,2,2013-14,OKC,23,0.0,8.35,1.74,0.04,0.17,0.39,0.61,1.17,1.2
203544,Pero Antic,210.82,260.0,Forward-Center,0,61,2013-14,ATL,50,0.52,18.5,4.18,1.16,0.38,0.24,1.1,7.04,1.2
203501,Tim Hardaway Jr.,195.58,205.0,Forward-Guard,0,24,2013-14,NYK,81,0.01,23.15,1.49,0.81,0.54,0.09,0.58,10.17,1.2
203100,Tony Wroten,198.12,205.0,Guard,1,25,2013-14,PHI,72,0.22,24.51,3.17,3.01,1.08,0.22,2.83,13.04,1.16
203493,Reggie Bullock Jr.,198.12,205.0,Forward-Guard,0,25,2013-14,LAC,43,0.0,9.21,1.26,0.28,0.21,0.02,0.3,2.67,1.15
201988,Patty Mills,187.96,180.0,Guard,4,55,2013-14,SAS,81,0.02,18.85,2.09,1.84,0.84,0.11,0.78,10.2,1.13
203101,Miles Plumlee,210.82,249.0,Center,1,26,2013-14,PHX,80,0.99,24.55,7.82,0.54,0.62,1.12,1.39,8.07,1.12
202710,Jimmy Butler,200.66,230.0,Forward,2,30,2013-14,CHI,67,1.0,38.67,4.93,2.61,1.9,0.54,1.52,13.1,1.11
203102,Arnett Moultrie,208.28,240.0,Forward,1,27,2013-14,PHI,12,0.17,15.58,2.92,0.17,0.67,0.33,0.58,3.0,1.09
203103,Perry Jones,210.82,235.0,Forward,1,28,2013-14,OKC,62,0.11,12.34,1.84,0.42,0.23,0.31,0.34,3.48,1.08
203497,Rudy Gobert,215.9,258.0,Center,0,27,2013-14,UTA,45,0.0,9.64,3.44,0.16,0.18,0.91,0.71,2.31,1.08
203462,Archie Goodwin,195.58,205.0,Guard,0,29,2013-14,PHX,52,0.0,10.25,1.67,0.38,0.38,0.21,0.85,3.73,1.06
203517,Nemanja Nedovic,190.5,192.0,Guard,0,30,2013-14,GSW,24,0.0,5.92,0.62,0.54,0.0,0.04,0.54,1.08,1.06
202713,Kyle Singler,203.2,228.0,Forward,1,33,2013-14,DET,82,0.44,28.5,3.7,0.91,0.74,0.46,0.96,9.56,1.04
201627,Anthony Morrow,195.58,210.0,Guard,5,61,2013-14,NOP,76,0.12,18.76,1.84,0.78,0.5,0.16,0.67,8.37,1.03
202362,Lance Stephenson,195.58,210.0,Forward,3,40,2013-14,IND,78,1.0,35.28,7.15,4.6,0.69,0.09,2.69,13.85,1.0
101187,Alan Anderson,198.12,220.0,Forward-Guard,8,61,2013-14,BKN,78,0.33,22.73,2.24,1.04,0.62,0.14,0.79,7.23,0.95
202720,Jon Leuer,208.28,228.0,Forward,2,40,2013-14,MEM,49,0.0,13.1,3.22,0.41,0.37,0.27,0.55,6.16,0.9
202714,Shelvin Mack,190.5,203.0,Guard,2,34,2013-14,ATL,73,0.15,20.41,2.19,3.71,0.68,0.03,1.22,7.45,0.88
202066,Garrett Temple,195.58,195.0,Forward-Guard,4,61,2013-14,WAS,75,0.0,8.51,0.91,0.96,0.47,0.15,0.56,1.84,0.88
202725,Josh Harrellson,208.28,275.0,Forward-Center,2,45,2013-14,DET,32,0.0,9.91,2.38,0.47,0.19,0.47,0.31,2.91,0.88
202325,Wesley Johnson,200.66,215.0,Forward-Guard,3,4,2013-14,LAL,79,0.78,28.35,4.41,1.57,1.09,0.97,1.14,9.05,0.88
1737,Nazr Mohammed,208.28,250.0,Center,15,29,2013-14,CHI,80,0.01,7.02,2.19,0.25,0.18,0.38,0.46,1.55,0.88
2248,Earl Watson,185.42,199.0,Guard,12,39,2013-14,POR,24,0.0,6.71,0.62,1.17,0.21,0.04,0.71,0.5,0.88
202738,Isaiah Thomas,175.26,185.0,Guard,2,60,2013-14,SAC,72,0.75,34.68,2.92,6.31,1.29,0.11,2.96,20.35,0.88
202734,E'Twaun Moore,190.5,191.0,Guard,2,55,2013-14,ORL,79,0.04,19.06,1.72,1.42,0.76,0.16,0.7,6.32,0.88
201141,Greg Oden,213.36,273.0,Center,6,1,2013-14,MIA,23,0.26,9.22,2.35,0.04,0.3,0.57,0.52,2.91,0.88
200782,P.J. Tucker,195.58,245.0,Forward,7,35,2013-14,PHX,81,1.0,30.74,6.53,1.74,1.36,0.28,1.26,9.38,0.88
2733,Shaun Livingston,200.66,192.0,Guard,9,4,2013-14,BKN,76,0.71,25.97,3.24,3.22,1.22,0.41,1.38,8.28,0.88
202388,Donald Sloan,190.5,205.0,Guard,2,61,2013-14,IND,48,0.02,8.17,0.92,1.04,0.21,0.02,0.46,2.29,0.88
2034,Mike Miller,203.2,218.0,Forward-Guard,13,5,2013-14,MEM,82,0.05,20.82,2.52,1.59,0.32,0.06,0.94,7.06,0.88
2734,Devin Harris,190.5,185.0,Guard,9,5,2013-14,DAL,40,0.0,20.45,2.12,4.45,0.7,0.05,1.48,7.88,0.88
202933,Julyan Stone,198.12,200.0,Guard,2,61,2013-14,TOR,21,0.0,5.71,0.95,0.57,0.14,0.0,0.24,0.86,0.88
201229,Anthony Tolliver,203.2,240.0,Forward,5,61,2013-14,CHA,64,0.14,20.28,2.62,0.66,0.3,0.23,0.36,6.14,0.88
202332,Cole Aldrich,210.82,253.0,Center,3,11,2013-14,NYK,46,0.04,7.17,2.8,0.3,0.17,0.65,0.39,2.0,0.88
203110,Draymond Green,198.12,230.0,Forward,1,35,2013-14,GSW,82,0.15,21.91,4.99,1.85,1.24,0.88,1.11,6.23,0.88
203148,Brian Roberts,185.42,173.0,Guard,1,61,2013-14,NOP,72,0.58,23.15,1.89,3.25,0.6,0.1,1.32,9.4,0.79
203382,Aron Baynes,208.28,260.0,Forward-Center,1,61,2013-14,SAS,53,0.08,9.26,2.74,0.64,0.04,0.09,0.68,3.04,0.79
203115,Will Barton,195.58,181.0,Guard,1,40,2013-14,POR,41,0.0,9.44,1.8,0.8,0.22,0.17,0.44,4.05,0.79
203118,Mike Scott,200.66,237.0,Forward,1,43,2013-14,ATL,80,0.08,18.52,3.55,0.94,0.38,0.09,0.99,9.59,0.79
203124,Kyle O'Quinn,205.74,250.0,Forward-Center,1,49,2013-14,ORL,69,0.28,17.22,5.28,1.13,0.57,1.28,1.13,6.22,0.79
203114,Khris Middleton,200.66,222.0,Forward,1,39,2013-14,MIL,82,0.78,30.0,3.78,2.06,1.01,0.24,1.5,12.07,0.79
203109,Jae Crowder,198.12,235.0,Forward,1,34,2013-14,DAL,78,0.1,16.08,2.49,0.77,0.76,0.27,0.53,4.56,0.79
201976,Patrick Beverley,187.96,180.0,Guard,1,42,2013-14,HOU,56,0.98,31.27,3.5,2.7,1.38,0.41,1.18,10.23,0.79
203108,Bernard James,208.28,235.0,Center,1,33,2013-14,DAL,30,0.0,4.87,1.4,0.1,0.1,0.27,0.33,0.93,0.79
203135,Robert Sacre,213.36,270.0,Center,1,60,2013-14,LAL,65,0.2,16.75,3.91,0.78,0.37,0.72,0.68,5.38,0.79
203197,Diante Garrett,193.04,190.0,Guard,1,61,2013-14,UTA,71,0.0,14.76,1.37,1.69,0.58,0.07,1.06,3.49,0.72
202779,Dwight Buycks,190.5,190.0,Guard,0,61,2013-14,TOR,14,0.0,10.43,1.64,0.71,0.57,0.0,0.71,3.07,0.7
200756,Hilton Armstrong,210.82,235.0,Forward-Center,7,12,2013-14,GSW,15,0.07,6.47,3.13,0.33,0.27,0.27,0.4,1.67,0.66
201582,Alexis Ajinca,218.44,248.0,Center,5,20,2013-14,NOP,56,0.54,16.98,4.95,0.71,0.41,0.82,1.12,5.86,0.64
201949,James Johnson,200.66,240.0,Forward,4,16,2013-14,MEM,52,0.08,18.38,3.19,2.13,0.81,1.1,1.27,7.38,0.63
202719,Jeremy Tyler,208.28,250.0,Forward,2,39,2013-14,NYK,41,0.0,9.71,2.66,0.2,0.15,0.49,0.63,3.56,0.56
203088,Kendall Marshall,193.04,200.0,Guard,1,13,2013-14,LAL,54,0.83,28.96,2.87,8.83,0.89,0.07,2.78,7.96,0.55
203495,Ricky Ledo,200.66,195.0,Guard,0,43,2013-14,DAL,11,0.0,3.0,0.18,0.18,0.09,0.0,0.18,1.73,0.54
203479,Jamaal Franklin,195.58,191.0,Guard,0,41,2013-14,MEM,21,0.0,7.71,1.1,0.29,0.19,0.1,0.52,1.86,0.54
203467,Carrick Felix,198.12,201.0,Forward-Guard,0,33,2013-14,CLE,7,0.0,5.43,0.86,0.57,0.0,0.0,0.57,2.71,0.51
201979,Nick Calathes,198.12,213.0,Guard,0,45,2013-14,MEM,71,0.1,16.52,1.93,2.92,0.93,0.11,1.42,4.89,0.49
203521,Matthew Dellavedova,190.5,200.0,Guard,0,61,2013-14,CLE,72,0.06,17.65,1.71,2.6,0.46,0.07,0.83,4.71,0.49
203496,Robert Covington,200.66,209.0,Forward,0,61,2013-14,HOU,7,0.0,4.86,0.71,0.0,0.29,0.0,0.14,2.29,0.49
203491,Peyton Siva,182.88,185.0,Guard,0,56,2013-14,DET,24,0.0,9.33,0.58,1.42,0.38,0.04,0.75,2.25,0.49
203527,Ryan Kelly,210.82,230.0,Forward,0,48,2013-14,LAL,59,0.42,22.24,3.71,1.61,0.54,0.76,0.8,8.0,0.49
203136,Ognjen Kuzmic,213.36,260.0,Center,0,52,2013-14,GSW,21,0.0,4.38,1.0,0.1,0.14,0.19,0.48,0.71,0.49
203133,Robbie Hummel,205.74,219.0,Forward,0,58,2013-14,MIN,53,0.09,12.36,2.49,0.43,0.3,0.04,0.19,3.42,0.49
203546,Ian Clark,190.5,175.0,Guard,0,61,2013-14,UTA,23,0.0,7.48,0.83,0.65,0.35,0.09,0.61,2.96,0.49
2045,Hedo Turkoglu,208.28,220.0,Forward,13,16,2013-14,LAC,38,0.0,10.32,2.34,0.87,0.5,0.26,0.42,3.03,0.47
2571,Leandro Barbosa,190.5,194.0,Guard,10,28,2013-14,PHX,20,0.0,18.4,1.85,1.6,0.35,0.2,0.95,7.5,0.41
202337,Luke Babbitt,205.74,225.0,Forward,3,16,2013-14,NOP,27,0.07,17.52,3.26,1.07,0.26,0.41,0.56,6.3,0.39
2215,Jason Collins,213.36,255.0,Center,12,18,2013-14,BKN,22,0.05,7.82,0.86,0.18,0.36,0.05,0.32,1.14,0.28
203584,Troy Daniels,193.04,200.0,Guard,0,61,2013-14,HOU,5,0.2,15.0,0.8,1.0,0.0,0.0,0.6,8.4,0.16
203488,Mike Muscala,208.28,240.0,Forward-Center,0,44,2013-14,ATL,20,0.0,10.75,2.6,0.35,0.15,0.5,0.6,3.8,0.14
203569,Chris Babb,195.58,225.0,Guard,0,61,2013-14,BOS,14,0.0,9.43,1.21,0.21,0.43,0.0,0.21,1.57,0.08
202345,Damion James,200.66,225.0,Forward,3,24,2013-14,SAS,5,0.2,10.0,2.4,0.6,0.0,0.2,0.2,1.2,0.07
2229,Mike James,187.96,188.0,Guard,12,61,2013-14,CHI,11,0.0,7.0,0.64,1.55,0.18,0.0,0.45,1.0,0.06
203268,Jorge Gutierrez,190.5,189.0,Guard,0,61,2013-14,BKN,15,0.13,16.27,1.47,2.0,0.67,0.07,0.93,4.13,0.05
2400,Drew Gooden,208.28,250.0,Forward,11,4,2013-14,WAS,22,0.0,17.95,5.18,0.68,0.45,0.32,0.77,8.32,0.05
2408,Melvin Ely,208.28,260.0,Forward-Center,11,12,2013-14,NOP,2,0.0,13.5,0.5,0.0,0.0,0.5,0.0,3.0,0.03
2694,Josh Powell,205.74,240.0,Forward,8,61,2013-14,HOU,1,0.0,19.0,5.0,0.0,0.0,1.0,1.0,4.0,0.01
202874,Chris Wright,205.74,226.0,Forward,2,61,2013-14,MIL,8,0.0,15.75,2.5,0.62,0.88,0.62,0.62,6.0,0.01
